case_id,district,crop,season,farm_size_acres,input_access,production_goal,resource_level,gender,market_preference,target_yield_percentile_within_crop_0_100,target_yield_t_ha,unps_mean_quintile,unps_poverty_rate,unps_urban_share
BEA_KALANGAL_2008_S_0001,Kalangala,beans,2008_Second,,high,food_and_market,high,unknown,low,93.63057324840764,4.0,5.0,0.0,0.0
BEA_KALANGAL_2009_F_0002,Kalangala,beans,2009_First,,high,food_and_market,high,unknown,low,92.35668789808918,3.375,5.0,0.0,0.0
BEA_KAMPALA_2008_S_0003,Kampala,beans,2008_Second,,high,food_and_market,high,unknown,high,80.89171974522293,2.2142857142857144,4.651162790697675,0.0,0.9612403100775194
BEA_KAMPALA_2009_F_0004,Kampala,beans,2009_First,,high,food_and_market,high,unknown,high,3.821656050955414,0.0515463917525773,4.651162790697675,0.0,0.9612403100775194
BEA_KAYUNGA_2008_S_0005,Kayunga,beans,2008_Second,,medium,food_and_market,medium,unknown,medium,43.94904458598726,0.6358284272497897,3.3333333333333335,0.09090909090909091,0.3333333333333333
BEA_KAYUNGA_2009_F_0006,Kayunga,beans,2009_First,,medium,food_and_market,medium,unknown,medium,19.10828025477707,0.3171701112877583,3.3333333333333335,0.09090909090909091,0.3333333333333333
BEA_KIBOGA_2008_S_0007,Kiboga,beans,2008_Second,,medium,food_and_market,medium,unknown,low,48.40764331210191,0.7488145416227608,3.260869565217391,0.08695652173913043,0.13043478260869565
BEA_KIBOGA_2009_F_0008,Kiboga,beans,2009_First,,medium,food_and_market,medium,unknown,low,21.656050955414013,0.3701191944101932,3.260869565217391,0.08695652173913043,0.13043478260869565
BEA_LUWERO_2008_S_0009,Luwero,beans,2008_Second,,high,food_and_market,high,unknown,medium,35.03184713375796,0.504034969737727,4.076923076923077,0.0,0.46153846153846156
BEA_LUWERO_2009_F_0010,Luwero,beans,2009_First,,high,food_and_market,high,unknown,medium,31.84713375796178,0.4740853658536585,4.076923076923077,0.0,0.46153846153846156
BEA_LYANTOND_2008_S_0011,Lyantonde,beans,2008_Second,,medium,food_and_market,medium,unknown,high,42.038216560509554,0.6042385411532775,2.5,0.0,1.0
BEA_LYANTOND_2009_F_0012,Lyantonde,beans,2009_First,,medium,food_and_market,medium,unknown,high,63.05732484076433,1.1219512195121952,2.5,0.0,1.0
BEA_MASAKA_2008_S_0013,Masaka,beans,2008_Second,,medium,food_and_market,medium,unknown,low,75.79617834394905,1.56564968673386,3.642857142857143,0.0,0.14285714285714285
BEA_MASAKA_2009_F_0014,Masaka,beans,2009_First,,medium,food_and_market,medium,unknown,low,85.98726114649682,2.5518652226233454,3.642857142857143,0.0,0.14285714285714285
BEA_MITYANA_2008_S_0015,Mityana,beans,2008_Second,,high,food_and_market,high,unknown,medium,44.5859872611465,0.6454983922829582,3.912280701754386,0.017543859649122806,0.3508771929824561
BEA_MITYANA_2009_F_0016,Mityana,beans,2009_First,,high,food_and_market,high,unknown,medium,25.477707006369428,0.4038604305864885,3.912280701754386,0.017543859649122806,0.3508771929824561
BEA_MPIGI_2008_S_0017,Mpigi,beans,2008_Second,,high,food_and_market,high,unknown,low,78.98089171974523,1.840131973605279,4.0,0.03333333333333333,0.1
BEA_MPIGI_2009_F_0018,Mpigi,beans,2009_First,,high,food_and_market,high,unknown,low,11.464968152866245,0.2019879969992498,4.0,0.03333333333333333,0.1
BEA_MUBENDE_2008_S_0019,Mubende,beans,2008_Second,,medium,food_and_market,high,unknown,medium,77.07006369426752,1.622830802603037,3.8275862068965516,0.034482758620689655,0.3103448275862069
BEA_MUBENDE_2009_F_0020,Mubende,beans,2009_First,,medium,food_and_market,high,unknown,medium,92.9936305732484,3.9981519810762864,3.8275862068965516,0.034482758620689655,0.3103448275862069
BEA_MUKONO_2008_S_0021,Mukono,beans,2008_Second,,medium,food_and_market,high,unknown,medium,26.751592356687897,0.4080200501253133,3.761904761904762,0.0,0.3333333333333333
BEA_MUKONO_2009_F_0022,Mukono,beans,2009_First,,medium,food_and_market,high,unknown,medium,33.12101910828025,0.4780010863661054,3.761904761904762,0.0,0.3333333333333333
BEA_NAKASEKE_2008_S_0023,Nakaseke,beans,2008_Second,,medium,food_and_market,medium,unknown,medium,53.5031847133758,0.9270516717325228,3.4285714285714284,0.0,0.21428571428571427
BEA_NAKASEKE_2009_F_0024,Nakaseke,beans,2009_First,,medium,food_and_market,medium,unknown,medium,34.394904458598724,0.4828807556080283,3.4285714285714284,0.0,0.21428571428571427
BEA_NAKASONG_2008_S_0025,Nakasongola,beans,2008_Second,,medium,food_and_market,unknown,unknown,unknown,82.16560509554141,2.267699115044248,,,
BEA_NAKASONG_2009_F_0026,Nakasongola,beans,2009_First,,medium,food_and_market,unknown,unknown,unknown,0.6369426751592357,0.00418410041841,,,
BEA_RAKAI_2008_S_0027,Rakai,beans,2008_Second,,medium,food_and_market,medium,unknown,low,62.42038216560509,1.09695244474213,2.9473684210526314,0.13157894736842105,0.02631578947368421
BEA_RAKAI_2009_F_0028,Rakai,beans,2009_First,,medium,food_and_market,medium,unknown,low,55.4140127388535,0.9501157651020836,2.9473684210526314,0.13157894736842105,0.02631578947368421
BEA_SEMBABUL_2008_S_0029,Sembabule,beans,2008_Second,,medium,food_and_market,unknown,unknown,unknown,71.3375796178344,1.417422279792746,,,
BEA_SEMBABUL_2009_F_0030,Sembabule,beans,2009_First,,medium,food_and_market,unknown,unknown,unknown,64.96815286624204,1.1534550496880056,,,
BEA_WAKISO_2008_S_0031,Wakiso,beans,2008_Second,,high,food_and_market,high,unknown,high,22.92993630573249,0.3838537699923838,4.313131313131313,0.0,0.8585858585858586
BEA_WAKISO_2009_F_0032,Wakiso,beans,2009_First,,high,food_and_market,high,unknown,high,12.738853503184714,0.2294186500195084,4.313131313131313,0.0,0.8585858585858586
BEA_AMURIA_2008_S_0033,Amuria,beans,2008_Second,,medium,food_and_market,unknown,unknown,unknown,52.86624203821656,0.8832618025751073,,,
BEA_AMURIA_2009_F_0034,Amuria,beans,2009_First,,medium,food_and_market,unknown,unknown,unknown,97.45222929936304,6.337807606263982,,,
BEA_BUDAKA_2008_S_0035,Budaka,beans,2008_Second,,medium,food_and_market,unknown,unknown,unknown,29.29936305732484,0.4326996197718631,,,
BEA_BUDAKA_2009_F_0036,Budaka,beans,2009_First,,medium,food_and_market,unknown,unknown,unknown,39.490445859872615,0.571921749136939,,,
BEA_BUDUDA_2008_S_0037,Bududa,beans,2008_Second,,medium,food_and_market,low,unknown,low,14.64968152866242,0.2679245283018868,2.125,0.25,0.0
BEA_BUDUDA_2009_F_0038,Bududa,beans,2009_First,,medium,food_and_market,low,unknown,low,9.554140127388536,0.1479514415781487,2.125,0.25,0.0
BEA_BUGIRI_2008_S_0039,Bugiri,beans,2008_Second,,medium,food_and_market,medium,unknown,low,46.496815286624205,0.7103077674645824,2.6551724137931036,0.1724137931034483,0.0
BEA_BUGIRI_2009_F_0040,Bugiri,beans,2009_First,,medium,food_and_market,medium,unknown,low,36.94267515923567,0.5292600674469351,2.6551724137931036,0.1724137931034483,0.0
BEA_BUKEDEA_2008_S_0041,Bukedea,beans,2008_Second,,medium,food_and_market,medium,unknown,low,45.85987261146497,0.6953455571227081,2.5217391304347827,0.17391304347826086,0.0
BEA_BUKEDEA_2009_F_0042,Bukedea,beans,2009_First,,medium,food_and_market,medium,unknown,low,61.14649681528663,1.0863309352517985,2.5217391304347827,0.17391304347826086,0.0
BEA_BUKWO_2008_S_0043,Bukwo,beans,2008_Second,,medium,food_and_market,unknown,unknown,unknown,86.62420382165605,2.563645368994552,,,
BEA_BUKWO_2009_F_0044,Bukwo,beans,2009_First,,medium,food_and_market,unknown,unknown,unknown,50.318471337579616,0.7741935483870968,,,
BEA_BUSIA_2008_S_0045,Busia,beans,2008_Second,,low,food_and_market,low,unknown,low,17.8343949044586,0.3100069979006298,1.9090909090909092,0.18181818181818182,0.0
BEA_BUSIA_2009_F_0046,Busia,beans,2009_First,,low,food_and_market,low,unknown,low,14.012738853503183,0.2655462184873949,1.9090909090909092,0.18181818181818182,0.0
BEA_BUTALEJA_2008_S_0047,Butaleja,beans,2008_Second,,medium,food_and_market,low,unknown,low,26.11464968152866,0.4075342465753425,2.1052631578947367,0.3684210526315789,0.0
BEA_BUTALEJA_2009_F_0048,Butaleja,beans,2009_First,,medium,food_and_market,low,unknown,low,35.6687898089172,0.5167464114832536,2.1052631578947367,0.3684210526315789,0.0
BEA_IGANGA_2008_S_0049,Iganga,beans,2008_Second,,high,food_and_market,medium,unknown,high,54.77707006369427,0.9491291125241912,3.4814814814814814,0.0,0.5925925925925926
BEA_IGANGA_2009_F_0050,Iganga,beans,2009_First,,high,food_and_market,medium,unknown,high,78.343949044586,1.80614021205887,3.4814814814814814,0.0,0.5925925925925926
BEA_JINJA_2008_S_0051,Jinja,beans,2008_Second,,medium,food_and_market,medium,unknown,medium,28.02547770700637,0.4290380047505938,3.1166666666666667,0.06666666666666667,0.25
BEA_JINJA_2009_F_0052,Jinja,beans,2009_First,,medium,food_and_market,medium,unknown,medium,37.57961783439491,0.5360488798370672,3.1166666666666667,0.06666666666666667,0.25
BEA_KABERAMA_2008_S_0053,Kaberamaido,beans,2008_Second,,medium,food_and_market,unknown,unknown,unknown,40.12738853503185,0.5821831869510665,,,
BEA_KABERAMA_2009_F_0054,Kaberamaido,beans,2009_First,,medium,food_and_market,unknown,unknown,unknown,31.210191082802545,0.4690909090909091,,,
BEA_KALIRO_2008_S_0055,Kaliro,beans,2008_Second,,low,food_and_market,low,unknown,low,18.471337579617835,0.3158813263525305,2.0,0.16666666666666666,0.0
BEA_KALIRO_2009_F_0056,Kaliro,beans,2009_First,,low,food_and_market,low,unknown,low,23.56687898089172,0.3878787878787879,2.0,0.16666666666666666,0.0
BEA_KAMULI_2008_S_0057,Kamuli,beans,2008_Second,,medium,food_and_market,medium,unknown,medium,43.31210191082803,0.6324503311258278,3.096774193548387,0.06451612903225806,0.3225806451612903
BEA_KAMULI_2009_F_0058,Kamuli,beans,2009_First,,medium,food_and_market,medium,unknown,medium,15.286624203821656,0.2817388141142233,3.096774193548387,0.06451612903225806,0.3225806451612903
BEA_KAPCHORW_2008_S_0059,Kapchorwa,beans,2008_Second,,high,food_and_market,high,unknown,low,38.853503184713375,0.5623721881390593,4.0,0.0,0.0
BEA_KAPCHORW_2009_F_0060,Kapchorwa,beans,2009_First,,high,food_and_market,high,unknown,low,6.369426751592357,0.0997876857749469,4.0,0.0,0.0
BEA_KUMI_2008_S_0061,Kumi,beans,2008_Second,,medium,food_and_market,low,unknown,low,71.97452229299363,1.4192307692307693,2.0652173913043477,0.391304347826087,0.17391304347826086
BEA_KUMI_2009_F_0062,Kumi,beans,2009_First,,medium,food_and_market,low,unknown,low,5.095541401273886,0.0725075528700906,2.0652173913043477,0.391304347826087,0.17391304347826086
BEA_MANAFWA_2008_S_0063,Manafwa,beans,2008_Second,,medium,food_and_market,medium,unknown,low,5.7324840764331215,0.0958543289051763,2.5,0.2727272727272727,0.0
BEA_MANAFWA_2009_F_0064,Manafwa,beans,2009_First,,medium,food_and_market,medium,unknown,low,4.45859872611465,0.066289552766484,2.5,0.2727272727272727,0.0
BEA_MAYUGE_2008_S_0065,Mayuge,beans,2008_Second,,medium,food_and_market,medium,unknown,low,41.40127388535032,0.5996714129244249,2.630434782608696,0.15217391304347827,0.15217391304347827
BEA_MAYUGE_2009_F_0066,Mayuge,beans,2009_First,,medium,food_and_market,medium,unknown,low,38.21656050955414,0.5584150326797386,2.630434782608696,0.15217391304347827,0.15217391304347827
BEA_MBALE_2008_S_0067,Mbale,beans,2008_Second,,high,food_and_market,high,unknown,high,94.26751592356688,4.290012804097311,4.076923076923077,0.0,0.6153846153846154
BEA_MBALE_2009_F_0068,Mbale,beans,2009_First,,high,food_and_market,high,unknown,high,45.22292993630573,0.6802079322294956,4.076923076923077,0.0,0.6153846153846154
BEA_NAMUTUMB_2008_S_0069,Namutumba,beans,2008_Second,,low,food_and_market,low,unknown,low,42.6751592356688,0.6270687752850312,1.7272727272727273,0.45454545454545453,0.09090909090909091
BEA_NAMUTUMB_2009_F_0070,Namutumba,beans,2009_First,,low,food_and_market,low,unknown,low,27.38853503184713,0.4250243427458617,1.7272727272727273,0.45454545454545453,0.09090909090909091
BEA_PALLISA_2008_S_0071,Pallisa,beans,2008_Second,,medium,food_and_market,medium,unknown,low,20.382165605095544,0.3262378528459047,2.7,0.2,0.0
BEA_PALLISA_2009_F_0072,Pallisa,beans,2009_First,,medium,food_and_market,medium,unknown,low,15.92356687898089,0.2909930715935335,2.7,0.2,0.0
BEA_SIRONKO_2008_S_0073,Sironko,beans,2008_Second,,medium,food_and_market,medium,unknown,low,52.22929936305732,0.8591549295774648,3.1153846153846154,0.07692307692307693,0.19230769230769232
BEA_SIRONKO_2009_F_0074,Sironko,beans,2009_First,,medium,food_and_market,medium,unknown,low,7.006369426751593,0.1145500957243139,3.1153846153846154,0.07692307692307693,0.19230769230769232
BEA_SOROTI_2008_S_0075,Soroti,beans,2008_Second,,medium,food_and_market,medium,unknown,low,59.23566878980891,1.0636182902584492,2.3488372093023258,0.16279069767441862,0.023255813953488372
BEA_SOROTI_2009_F_0076,Soroti,beans,2009_First,,medium,food_and_market,medium,unknown,low,98.72611464968152,8.891743119266055,2.3488372093023258,0.16279069767441862,0.023255813953488372
BEA_TORORO_2008_S_0077,Tororo,beans,2008_Second,,medium,food_and_market,medium,unknown,low,98.08917197452227,8.176776429809358,2.8461538461538463,0.10256410256410256,0.1282051282051282
BEA_TORORO_2009_F_0078,Tororo,beans,2009_First,,medium,food_and_market,medium,unknown,low,73.88535031847134,1.4889867841409692,2.8461538461538463,0.10256410256410256,0.1282051282051282
BEA_ABIM_2008_S_0079,Abim,beans,2008_Second,,low,food_and_market,low,unknown,low,56.05095541401274,0.9583333333333334,1.85,0.45,0.05
BEA_ABIM_2009_F_0080,Abim,beans,2009_First,,low,food_and_market,low,unknown,low,100.0,47.18055555555556,1.85,0.45,0.05
BEA_ADJUMANI_2008_S_0081,Adjumani,beans,2008_Second,,high,food_and_market,high,unknown,low,8.280254777070063,0.117408906882591,4.0,0.0,0.0
BEA_ADJUMANI_2009_F_0082,Adjumani,beans,2009_First,,high,food_and_market,high,unknown,low,2.547770700636943,0.0222222222222222,4.0,0.0,0.0
BEA_AMOLATAR_2008_S_0083,Amolatar,beans,2008_Second,,medium,food_and_market,medium,unknown,low,58.59872611464968,1.0416666666666667,2.923076923076923,0.23076923076923078,0.0
BEA_AMOLATAR_2009_F_0084,Amolatar,beans,2009_First,,medium,food_and_market,medium,unknown,low,3.1847133757961785,0.039136302294197,2.923076923076923,0.23076923076923078,0.0
BEA_AMURU_2008_S_0085,Amuru,beans,2008_Second,,medium,food_and_market,medium,unknown,low,99.36305732484075,20.138164578394854,2.5,0.0,0.0
BEA_AMURU_2009_F_0086,Amuru,beans,2009_First,,medium,food_and_market,medium,unknown,low,80.2547770700637,2.14277660324172,2.5,0.0,0.0
BEA_APAC_2008_S_0087,Apac,beans,2008_Second,,medium,food_and_market,medium,unknown,low,66.87898089171973,1.2293328017012228,3.0943396226415096,0.1509433962264151,0.11320754716981132
BEA_APAC_2009_F_0088,Apac,beans,2009_First,,medium,food_and_market,medium,unknown,low,22.29299363057325,0.3784384876507082,3.0943396226415096,0.1509433962264151,0.11320754716981132
BEA_ARUA_2008_S_0089,Arua,beans,2008_Second,,medium,food_and_market,medium,unknown,low,95.54140127388536,4.529034841810172,2.7604166666666665,0.1875,0.09375
BEA_ARUA_2009_F_0090,Arua,beans,2009_First,,medium,food_and_market,medium,unknown,low,91.71974522292994,3.367497691597414,2.7604166666666665,0.1875,0.09375
BEA_DOKOLO_2008_S_0091,Dokolo,beans,2008_Second,,medium,food_and_market,medium,unknown,medium,16.560509554140125,0.2926380368098159,2.259259259259259,0.2222222222222222,0.2222222222222222
BEA_DOKOLO_2009_F_0092,Dokolo,beans,2009_First,,medium,food_and_market,medium,unknown,medium,24.203821656050955,0.387994399719986,2.259259259259259,0.2222222222222222,0.2222222222222222
BEA_GULU_2008_S_0093,Gulu,beans,2008_Second,,high,food_and_market,medium,unknown,medium,89.171974522293,2.9431006047278725,3.361111111111111,0.08333333333333333,0.4722222222222222
BEA_GULU_2009_F_0094,Gulu,beans,2009_First,,high,food_and_market,medium,unknown,medium,67.51592356687898,1.2357615894039735,3.361111111111111,0.08333333333333333,0.4722222222222222
BEA_KAABONG_2008_S_0095,Kaabong,beans,2008_Second,,low,food_and_market,low,unknown,low,63.69426751592356,1.1304347826086956,1.3095238095238095,0.8571428571428571,0.07142857142857142
BEA_KAABONG_2009_F_0096,Kaabong,beans,2009_First,,low,food_and_market,low,unknown,low,1.910828025477707,0.0156124899919935,1.3095238095238095,0.8571428571428571,0.07142857142857142
BEA_KITGUM_2008_S_0097,Kitgum,beans,2008_Second,,high,food_and_market,medium,unknown,medium,12.101910828025478,0.2212765957446808,3.125,0.125,0.375
BEA_KITGUM_2009_F_0098,Kitgum,beans,2009_First,,high,food_and_market,medium,unknown,medium,7.643312101910828,0.1157894736842105,3.125,0.125,0.375
BEA_KOBOKO_2008_S_0099,Koboko,beans,2008_Second,,medium,food_and_market,medium,unknown,medium,72.61146496815286,1.425629290617849,2.6842105263157894,0.15789473684210525,0.3157894736842105
BEA_KOBOKO_2009_F_0100,Koboko,beans,2009_First,,medium,food_and_market,medium,unknown,medium,49.681528662420384,0.7553398058252427,2.6842105263157894,0.15789473684210525,0.3157894736842105
BEA_KOTIDO_2008_S_0101,Kotido,beans,2008_Second,,low,food_and_market,low,unknown,medium,96.1783439490446,4.6600928074245935,1.925,0.55,0.4
BEA_KOTIDO_2009_F_0102,Kotido,beans,2009_First,,low,food_and_market,low,unknown,medium,1.2738853503184715,0.0143843498273878,1.925,0.55,0.4
BEA_LIRA_2008_S_0103,Lira,beans,2008_Second,,medium,food_and_market,medium,unknown,medium,21.019108280254777,0.3692583464037642,3.1923076923076925,0.07692307692307693,0.25
BEA_LIRA_2009_F_0104,Lira,beans,2009_First,,medium,food_and_market,medium,unknown,medium,19.745222929936308,0.3210113484646195,3.1923076923076925,0.07692307692307693,0.25
BEA_MOROTO_2008_S_0105,Moroto,beans,2008_Second,,low,food_and_market,low,unknown,low,17.197452229299362,0.3097269624573379,1.3,0.9,0.1
BEA_MOROTO_2009_F_0106,Moroto,beans,2009_First,,low,food_and_market,low,unknown,low,8.9171974522293,0.1380186282811177,1.3,0.9,0.1
BEA_MOYO_2008_S_0107,Moyo,beans,2008_Second,,medium,food_and_market,medium,unknown,medium,36.30573248407643,0.5283018867924528,2.9166666666666665,0.08333333333333333,0.3611111111111111
BEA_MOYO_2009_F_0108,Moyo,beans,2009_First,,medium,food_and_market,medium,unknown,medium,57.961783439490446,1.0,2.9166666666666665,0.08333333333333333,0.3611111111111111
BEA_NAKAPIRI_2008_S_0109,Nakapiripirit,beans,2008_Second,,medium,food_and_market,medium,unknown,medium,10.191082802547772,0.1549730146491904,2.611111111111111,0.2777777777777778,0.2777777777777778
BEA_NAKAPIRI_2009_F_0110,Nakapiripirit,beans,2009_First,,medium,food_and_market,medium,unknown,medium,,,2.611111111111111,0.2777777777777778,0.2777777777777778
BEA_NEBBI_2008_S_0111,Nebbi,beans,2008_Second,,medium,food_and_market,medium,unknown,low,33.75796178343949,0.4786019971469329,2.413793103448276,0.1724137931034483,0.10344827586206896
BEA_NEBBI_2009_F_0112,Nebbi,beans,2009_First,,medium,food_and_market,medium,unknown,low,40.76433121019109,0.59433601224646,2.413793103448276,0.1724137931034483,0.10344827586206896
BEA_NYADRI_2008_S_0113,Nyadri,beans,2008_Second,,medium,food_and_market,unknown,unknown,unknown,57.324840764331206,0.9886234357224118,,,
BEA_NYADRI_2009_F_0114,Nyadri,beans,2009_First,,medium,food_and_market,unknown,unknown,unknown,77.70700636942675,1.641678129298487,,,
BEA_OYAM_2008_S_0115,Oyam,beans,2008_Second,,medium,food_and_market,medium,unknown,low,84.07643312101911,2.3130122214234365,2.6666666666666665,0.031746031746031744,0.07936507936507936
BEA_OYAM_2009_F_0116,Oyam,beans,2009_First,,medium,food_and_market,medium,unknown,low,91.0828025477707,3.259386733416771,2.6666666666666665,0.031746031746031744,0.07936507936507936
BEA_PADER_2008_S_0117,Pader,beans,2008_Second,,medium,food_and_market,medium,unknown,low,32.48407643312102,0.477961432506887,2.3846153846153846,0.38461538461538464,0.0
BEA_PADER_2009_F_0118,Pader,beans,2009_First,,medium,food_and_market,medium,unknown,low,51.59235668789809,0.810567936736161,2.3846153846153846,0.38461538461538464,0.0
BEA_YUMBE_2008_S_0119,Yumbe,beans,2008_Second,,medium,food_and_market,medium,unknown,low,85.35031847133759,2.3820174457615746,2.7222222222222223,0.2777777777777778,0.0
BEA_YUMBE_2009_F_0120,Yumbe,beans,2009_First,,medium,food_and_market,medium,unknown,low,75.15923566878982,1.5324543610547667,2.7222222222222223,0.2777777777777778,0.0
BEA_BULIISA_2008_S_0121,Buliisa,beans,2008_Second,,medium,food_and_market,unknown,unknown,unknown,96.81528662420382,5.044117647058823,,,
BEA_BULIISA_2009_F_0122,Buliisa,beans,2009_First,,medium,food_and_market,unknown,unknown,unknown,87.26114649681529,2.7880434782608696,,,
BEA_BUNDIBUG_2008_S_0123,Bundibugyo,beans,2008_Second,,medium,food_and_market,unknown,unknown,unknown,68.15286624203821,1.2693877551020407,,,
BEA_BUNDIBUG_2009_F_0124,Bundibugyo,beans,2009_First,,medium,food_and_market,unknown,unknown,unknown,70.06369426751591,1.3816614420062696,,,
BEA_BUSHENYI_2008_S_0125,Bushenyi,beans,2008_Second,,medium,food_and_market,medium,unknown,medium,82.80254777070064,2.276494845360825,3.2857142857142856,0.14285714285714285,0.25
BEA_BUSHENYI_2009_F_0126,Bushenyi,beans,2009_First,,medium,food_and_market,medium,unknown,medium,10.828025477707008,0.164552988448016,3.2857142857142856,0.14285714285714285,0.25
BEA_HOIMA_2008_S_0127,Hoima,beans,2008_Second,,medium,food_and_market,medium,unknown,medium,13.375796178343949,0.2485112230874942,3.45,0.075,0.225
BEA_HOIMA_2009_F_0128,Hoima,beans,2009_First,,medium,food_and_market,medium,unknown,medium,24.840764331210192,0.4030970239535446,3.45,0.075,0.225
BEA_IBANDA_2008_S_0129,Ibanda,beans,2008_Second,,high,food_and_market,medium,unknown,medium,76.43312101910828,1.6159185562239704,3.0869565217391304,0.11594202898550725,0.4057971014492754
BEA_IBANDA_2009_F_0130,Ibanda,beans,2009_First,,high,food_and_market,medium,unknown,medium,49.04458598726114,0.7496478873239436,3.0869565217391304,0.11594202898550725,0.4057971014492754
BEA_ISINGIRO_2008_S_0131,Isingiro,beans,2008_Second,,medium,food_and_market,medium,unknown,medium,61.78343949044586,1.0934192360791533,3.0,0.11538461538461539,0.2692307692307692
BEA_ISINGIRO_2009_F_0132,Isingiro,beans,2009_First,,medium,food_and_market,medium,unknown,medium,74.52229299363057,1.492039230671252,3.0,0.11538461538461539,0.2692307692307692
BEA_KABALE_2008_S_0133,Kabale,beans,2008_Second,,medium,food_and_market,medium,unknown,high,83.43949044585987,2.288939967550027,2.8333333333333335,0.2222222222222222,0.5
BEA_KABALE_2009_F_0134,Kabale,beans,2009_First,,medium,food_and_market,medium,unknown,high,54.14012738853503,0.941531899768971,2.8333333333333335,0.2222222222222222,0.5
BEA_KABAROLE_2008_S_0135,Kabarole,beans,2008_Second,,medium,food_and_market,medium,unknown,medium,88.53503184713377,2.8593080724876443,3.65625,0.0625,0.28125
BEA_KABAROLE_2009_F_0136,Kabarole,beans,2009_First,,medium,food_and_market,medium,unknown,medium,69.42675159235668,1.3446443873179093,3.65625,0.0625,0.28125
BEA_KAMWENGE_2008_S_0137,Kamwenge,beans,2008_Second,,medium,food_and_market,medium,unknown,low,65.60509554140127,1.1653056720370778,3.3333333333333335,0.0,0.0
BEA_KAMWENGE_2009_F_0138,Kamwenge,beans,2009_First,,medium,food_and_market,medium,unknown,low,30.573248407643312,0.46139963906156,3.3333333333333335,0.0,0.0
BEA_KANUNGU_2008_S_0139,Kanungu,beans,2008_Second,,medium,food_and_market,medium,unknown,low,47.77070063694268,0.7328693790149893,2.8181818181818183,0.09090909090909091,0.0
BEA_KANUNGU_2009_F_0140,Kanungu,beans,2009_First,,medium,food_and_market,medium,unknown,low,73.24840764331209,1.438140267927502,2.8181818181818183,0.09090909090909091,0.0
BEA_KASESE_2008_S_0141,Kasese,beans,2008_Second,,medium,food_and_market,medium,unknown,low,89.80891719745223,3.0175530981218186,3.1,0.04,0.18
BEA_KASESE_2009_F_0142,Kasese,beans,2009_First,,medium,food_and_market,medium,unknown,low,79.61783439490446,2.112676056338028,3.1,0.04,0.18
BEA_KIBAALE_2008_S_0143,Kibaale,beans,2008_Second,,medium,food_and_market,medium,unknown,low,90.44585987261146,3.0945961516303724,3.5,0.0,0.0
BEA_KIBAALE_2009_F_0144,Kibaale,beans,2009_First,,medium,food_and_market,medium,unknown,low,60.509554140127385,1.0681419807186678,3.5,0.0,0.0
BEA_KIRUHURA_2008_S_0145,Kiruhura,beans,2008_Second,,medium,food_and_market,medium,unknown,low,81.52866242038218,2.2610358011817864,2.857142857142857,0.14285714285714285,0.07142857142857142
BEA_KIRUHURA_2009_F_0146,Kiruhura,beans,2009_First,,medium,food_and_market,medium,unknown,low,64.3312101910828,1.1364485981308412,2.857142857142857,0.14285714285714285,0.07142857142857142
BEA_KISORO_2008_S_0147,Kisoro,beans,2008_Second,,low,food_and_market,low,unknown,low,66.2420382165605,1.1868947043066145,1.878787878787879,0.48484848484848486,0.0
BEA_KISORO_2009_F_0148,Kisoro,beans,2009_First,,low,food_and_market,low,unknown,low,70.70063694267516,1.3998534440644843,1.878787878787879,0.48484848484848486,0.0
BEA_KYENJOJO_2008_S_0149,Kyenjojo,beans,2008_Second,,medium,food_and_market,medium,unknown,low,87.89808917197452,2.812857914640735,3.3181818181818183,0.0,0.022727272727272728
BEA_KYENJOJO_2009_F_0150,Kyenjojo,beans,2009_First,,medium,food_and_market,medium,unknown,low,29.93630573248408,0.4550457581004204,3.3181818181818183,0.0,0.022727272727272728
BEA_MASINDI_2008_S_0151,Masindi,beans,2008_Second,,medium,food_and_market,medium,unknown,low,59.87261146496815,1.0664619434086422,3.6470588235294117,0.0,0.17647058823529413
BEA_MASINDI_2009_F_0152,Masindi,beans,2009_First,,medium,food_and_market,medium,unknown,low,68.78980891719745,1.3384774996757878,3.6470588235294117,0.0,0.17647058823529413
BEA_MBARARA_2008_S_0153,Mbarara,beans,2008_Second,,high,food_and_market,high,unknown,high,56.68789808917197,0.987709497206704,3.767857142857143,0.017857142857142856,0.6071428571428571
BEA_MBARARA_2009_F_0154,Mbarara,beans,2009_First,,high,food_and_market,high,unknown,high,50.955414012738856,0.8033672172808132,3.767857142857143,0.017857142857142856,0.6071428571428571
BEA_NTUNGAMO_2008_S_0155,Ntungamo,beans,2008_Second,,medium,food_and_market,medium,unknown,medium,84.71337579617835,2.3262711864406778,2.816666666666667,0.16666666666666666,0.3
BEA_NTUNGAMO_2009_F_0156,Ntungamo,beans,2009_First,,medium,food_and_market,medium,unknown,medium,94.90445859872612,4.332210022828568,2.816666666666667,0.16666666666666666,0.3
BEA_RUKUNGIR_2008_S_0157,Rukungiri,beans,2008_Second,,medium,food_and_market,medium,unknown,low,47.13375796178344,0.7161422708618331,2.3142857142857145,0.2571428571428571,0.0
BEA_RUKUNGIR_2009_F_0158,Rukungiri,beans,2009_First,,medium,food_and_market,medium,unknown,low,28.662420382165603,0.4324236517218973,2.3142857142857145,0.2571428571428571,0.0
GRO_KAMPALA_2009_F_0159,Kampala,groundnuts,2009_First,,high,food_and_market,high,unknown,high,,,4.651162790697675,0.0,0.9612403100775194
GRO_KAYUNGA_2008_S_0160,Kayunga,groundnuts,2008_Second,,medium,food_and_market,medium,unknown,medium,29.931972789115648,0.3666666666666666,3.3333333333333335,0.09090909090909091,0.3333333333333333
GRO_KAYUNGA_2009_F_0161,Kayunga,groundnuts,2009_First,,medium,food_and_market,medium,unknown,medium,48.29931972789115,0.52,3.3333333333333335,0.09090909090909091,0.3333333333333333
GRO_KIBOGA_2008_S_0162,Kiboga,groundnuts,2008_Second,,medium,food_and_market,medium,unknown,low,18.367346938775512,0.2717989002356638,3.260869565217391,0.08695652173913043,0.13043478260869565
GRO_KIBOGA_2009_F_0163,Kiboga,groundnuts,2009_First,,medium,food_and_market,medium,unknown,low,6.122448979591836,0.1492537313432835,3.260869565217391,0.08695652173913043,0.13043478260869565
GRO_LUWERO_2008_S_0164,Luwero,groundnuts,2008_Second,,high,food_and_market,high,unknown,medium,31.29251700680272,0.3848920863309352,4.076923076923077,0.0,0.46153846153846156
GRO_LUWERO_2009_F_0165,Luwero,groundnuts,2009_First,,high,food_and_market,high,unknown,medium,5.442176870748299,0.1420118343195266,4.076923076923077,0.0,0.46153846153846156
GRO_LYANTOND_2008_S_0166,Lyantonde,groundnuts,2008_Second,,medium,food_and_market,medium,unknown,high,19.727891156462583,0.2912087912087912,2.5,0.0,1.0
GRO_LYANTOND_2009_F_0167,Lyantonde,groundnuts,2009_First,,medium,food_and_market,medium,unknown,high,2.0408163265306123,0.0704225352112676,2.5,0.0,1.0
GRO_MASAKA_2008_S_0168,Masaka,groundnuts,2008_Second,,medium,food_and_market,medium,unknown,low,88.43537414965986,1.5208333333333333,3.642857142857143,0.0,0.14285714285714285
GRO_MASAKA_2009_F_0169,Masaka,groundnuts,2009_First,,medium,food_and_market,medium,unknown,low,16.3265306122449,0.2654320987654321,3.642857142857143,0.0,0.14285714285714285
GRO_MITYANA_2008_S_0170,Mityana,groundnuts,2008_Second,,high,food_and_market,high,unknown,medium,32.6530612244898,0.3888888888888889,3.912280701754386,0.017543859649122806,0.3508771929824561
GRO_MITYANA_2009_F_0171,Mityana,groundnuts,2009_First,,high,food_and_market,high,unknown,medium,20.40816326530612,0.2947368421052631,3.912280701754386,0.017543859649122806,0.3508771929824561
GRO_MPIGI_2008_S_0172,Mpigi,groundnuts,2008_Second,,high,food_and_market,high,unknown,low,36.054421768707485,0.447265625,4.0,0.03333333333333333,0.1
GRO_MPIGI_2009_F_0173,Mpigi,groundnuts,2009_First,,high,food_and_market,high,unknown,low,25.170068027210885,0.3178654292343387,4.0,0.03333333333333333,0.1
GRO_MUBENDE_2008_S_0174,Mubende,groundnuts,2008_Second,,medium,food_and_market,high,unknown,medium,86.39455782312925,1.3138075313807531,3.8275862068965516,0.034482758620689655,0.3103448275862069
GRO_MUBENDE_2009_F_0175,Mubende,groundnuts,2009_First,,medium,food_and_market,high,unknown,medium,63.94557823129252,0.6330734966592427,3.8275862068965516,0.034482758620689655,0.3103448275862069
GRO_MUKONO_2008_S_0176,Mukono,groundnuts,2008_Second,,medium,food_and_market,high,unknown,medium,33.33333333333333,0.4118110236220472,3.761904761904762,0.0,0.3333333333333333
GRO_MUKONO_2009_F_0177,Mukono,groundnuts,2009_First,,medium,food_and_market,high,unknown,medium,19.047619047619047,0.2749326145552561,3.761904761904762,0.0,0.3333333333333333
GRO_NAKASEKE_2008_S_0178,Nakaseke,groundnuts,2008_Second,,medium,food_and_market,medium,unknown,medium,27.2108843537415,0.3351063829787234,3.4285714285714284,0.0,0.21428571428571427
GRO_NAKASEKE_2009_F_0179,Nakaseke,groundnuts,2009_First,,medium,food_and_market,medium,unknown,medium,12.925170068027212,0.2028985507246377,3.4285714285714284,0.0,0.21428571428571427
GRO_NAKASONG_2008_S_0180,Nakasongola,groundnuts,2008_Second,,medium,food_and_market,unknown,unknown,unknown,100.0,8.422103861517977,,,
GRO_NAKASONG_2009_F_0181,Nakasongola,groundnuts,2009_First,,medium,food_and_market,unknown,unknown,unknown,2.7210884353741496,0.1038961038961039,,,
GRO_RAKAI_2008_S_0182,Rakai,groundnuts,2008_Second,,medium,food_and_market,medium,unknown,low,68.02721088435374,0.7002724795640327,2.9473684210526314,0.13157894736842105,0.02631578947368421
GRO_RAKAI_2009_F_0183,Rakai,groundnuts,2009_First,,medium,food_and_market,medium,unknown,low,73.46938775510205,0.7775229357798165,2.9473684210526314,0.13157894736842105,0.02631578947368421
GRO_SEMBABUL_2008_S_0184,Sembabule,groundnuts,2008_Second,,medium,food_and_market,unknown,unknown,unknown,76.19047619047619,0.8198818897637795,,,
GRO_SEMBABUL_2009_F_0185,Sembabule,groundnuts,2009_First,,medium,food_and_market,unknown,unknown,unknown,54.421768707483,0.5602294455066922,,,
GRO_WAKISO_2008_S_0186,Wakiso,groundnuts,2008_Second,,high,food_and_market,high,unknown,high,82.31292517006803,1.0103092783505154,4.313131313131313,0.0,0.8585858585858586
GRO_WAKISO_2009_F_0187,Wakiso,groundnuts,2009_First,,high,food_and_market,high,unknown,high,63.26530612244898,0.6307692307692307,4.313131313131313,0.0,0.8585858585858586
GRO_AMURIA_2008_S_0188,Amuria,groundnuts,2008_Second,,medium,food_and_market,unknown,unknown,unknown,58.50340136054422,0.6060138781804163,,,
GRO_AMURIA_2009_F_0189,Amuria,groundnuts,2009_First,,medium,food_and_market,unknown,unknown,unknown,7.482993197278912,0.1527400976668475,,,
GRO_BUDAKA_2008_S_0190,Budaka,groundnuts,2008_Second,,medium,food_and_market,unknown,unknown,unknown,72.78911564625851,0.7619047619047619,,,
GRO_BUDAKA_2009_F_0191,Budaka,groundnuts,2009_First,,medium,food_and_market,unknown,unknown,unknown,49.65986394557823,0.5230040595399188,,,
GRO_BUDUDA_2008_S_0192,Bududa,groundnuts,2008_Second,,medium,food_and_market,low,unknown,low,91.15646258503402,1.7692307692307692,2.125,0.25,0.0
GRO_BUDUDA_2009_F_0193,Bududa,groundnuts,2009_First,,medium,food_and_market,low,unknown,low,,,2.125,0.25,0.0
GRO_BUGIRI_2008_S_0194,Bugiri,groundnuts,2008_Second,,medium,food_and_market,medium,unknown,low,78.91156462585033,0.8685344827586207,2.6551724137931036,0.1724137931034483,0.0
GRO_BUGIRI_2009_F_0195,Bugiri,groundnuts,2009_First,,medium,food_and_market,medium,unknown,low,46.25850340136054,0.5060926076360682,2.6551724137931036,0.1724137931034483,0.0
GRO_BUKEDEA_2008_S_0196,Bukedea,groundnuts,2008_Second,,medium,food_and_market,medium,unknown,low,10.884353741496598,0.1952380952380952,2.5217391304347827,0.17391304347826086,0.0
GRO_BUKEDEA_2009_F_0197,Bukedea,groundnuts,2009_First,,medium,food_and_market,medium,unknown,low,27.89115646258503,0.3417989417989418,2.5217391304347827,0.17391304347826086,0.0
GRO_BUSIA_2008_S_0198,Busia,groundnuts,2008_Second,,low,food_and_market,low,unknown,low,37.41496598639456,0.4482758620689655,1.9090909090909092,0.18181818181818182,0.0
GRO_BUSIA_2009_F_0199,Busia,groundnuts,2009_First,,low,food_and_market,low,unknown,low,51.70068027210885,0.5320754716981132,1.9090909090909092,0.18181818181818182,0.0
GRO_BUTALEJA_2008_S_0200,Butaleja,groundnuts,2008_Second,,medium,food_and_market,low,unknown,low,66.66666666666666,0.690415171706817,2.1052631578947367,0.3684210526315789,0.0
GRO_BUTALEJA_2009_F_0201,Butaleja,groundnuts,2009_First,,medium,food_and_market,low,unknown,low,71.42857142857143,0.7579435915744377,2.1052631578947367,0.3684210526315789,0.0
GRO_IGANGA_2008_S_0202,Iganga,groundnuts,2008_Second,,high,food_and_market,medium,unknown,high,68.70748299319727,0.7138856476079346,3.4814814814814814,0.0,0.5925925925925926
GRO_IGANGA_2009_F_0203,Iganga,groundnuts,2009_First,,high,food_and_market,medium,unknown,high,31.97278911564626,0.3856056173200702,3.4814814814814814,0.0,0.5925925925925926
GRO_JINJA_2008_S_0204,Jinja,groundnuts,2008_Second,,medium,food_and_market,medium,unknown,medium,42.17687074829932,0.4783599088838269,3.1166666666666667,0.06666666666666667,0.25
GRO_JINJA_2009_F_0205,Jinja,groundnuts,2009_First,,medium,food_and_market,medium,unknown,medium,47.61904761904761,0.5102564102564102,3.1166666666666667,0.06666666666666667,0.25
GRO_KABERAMA_2008_S_0206,Kaberamaido,groundnuts,2008_Second,,medium,food_and_market,unknown,unknown,unknown,17.006802721088434,0.2670906200317965,,,
GRO_KABERAMA_2009_F_0207,Kaberamaido,groundnuts,2009_First,,medium,food_and_market,unknown,unknown,unknown,9.523809523809524,0.1835632873425315,,,
GRO_KALIRO_2008_S_0208,Kaliro,groundnuts,2008_Second,,low,food_and_market,low,unknown,low,40.81632653061224,0.4739829706717124,2.0,0.16666666666666666,0.0
GRO_KALIRO_2009_F_0209,Kaliro,groundnuts,2009_First,,low,food_and_market,low,unknown,low,21.08843537414966,0.2982142857142857,2.0,0.16666666666666666,0.0
GRO_KAMULI_2008_S_0210,Kamuli,groundnuts,2008_Second,,medium,food_and_market,medium,unknown,medium,59.863945578231295,0.6071754332623898,3.096774193548387,0.06451612903225806,0.3225806451612903
GRO_KAMULI_2009_F_0211,Kamuli,groundnuts,2009_First,,medium,food_and_market,medium,unknown,medium,26.53061224489796,0.3238517136861739,3.096774193548387,0.06451612903225806,0.3225806451612903
GRO_KAPCHORW_2009_F_0212,Kapchorwa,groundnuts,2009_First,,high,food_and_market,high,unknown,low,,,4.0,0.0,0.0
GRO_KATAKWI_2008_S_0213,Katakwi,groundnuts,2008_Second,,low,food_and_market,low,unknown,low,52.38095238095239,0.5465983743458412,1.8095238095238095,0.47619047619047616,0.047619047619047616
GRO_KATAKWI_2009_F_0214,Katakwi,groundnuts,2009_First,,low,food_and_market,low,unknown,low,3.4013605442176877,0.107840800762631,1.8095238095238095,0.47619047619047616,0.047619047619047616
GRO_KUMI_2008_S_0215,Kumi,groundnuts,2008_Second,,medium,food_and_market,low,unknown,low,89.1156462585034,1.5498154981549817,2.0652173913043477,0.391304347826087,0.17391304347826086
GRO_KUMI_2009_F_0216,Kumi,groundnuts,2009_First,,medium,food_and_market,low,unknown,low,70.06802721088435,0.7322811197141156,2.0652173913043477,0.391304347826087,0.17391304347826086
GRO_MANAFWA_2008_S_0217,Manafwa,groundnuts,2008_Second,,medium,food_and_market,medium,unknown,low,39.455782312925166,0.4695051783659378,2.5,0.2727272727272727,0.0
GRO_MANAFWA_2009_F_0218,Manafwa,groundnuts,2009_First,,medium,food_and_market,medium,unknown,low,4.761904761904762,0.1400966183574879,2.5,0.2727272727272727,0.0
GRO_MAYUGE_2008_S_0219,Mayuge,groundnuts,2008_Second,,medium,food_and_market,medium,unknown,low,75.51020408163265,0.815242494226328,2.630434782608696,0.15217391304347827,0.15217391304347827
GRO_MAYUGE_2009_F_0220,Mayuge,groundnuts,2009_First,,medium,food_and_market,medium,unknown,low,45.57823129251701,0.4993710691823899,2.630434782608696,0.15217391304347827,0.15217391304347827
GRO_MBALE_2008_S_0221,Mbale,groundnuts,2008_Second,,high,food_and_market,high,unknown,high,14.285714285714285,0.2160228898426323,4.076923076923077,0.0,0.6153846153846154
GRO_MBALE_2009_F_0222,Mbale,groundnuts,2009_First,,high,food_and_market,high,unknown,high,25.850340136054424,0.3192182410423452,4.076923076923077,0.0,0.6153846153846154
GRO_NAMUTUMB_2008_S_0223,Namutumba,groundnuts,2008_Second,,low,food_and_market,low,unknown,low,74.14965986394559,0.791655377946356,1.7272727272727273,0.45454545454545453,0.09090909090909091
GRO_NAMUTUMB_2009_F_0224,Namutumba,groundnuts,2009_First,,low,food_and_market,low,unknown,low,81.63265306122449,0.9299743808710504,1.7272727272727273,0.45454545454545453,0.09090909090909091
GRO_PALLISA_2008_S_0225,Pallisa,groundnuts,2008_Second,,medium,food_and_market,medium,unknown,low,13.60544217687075,0.2113284804367607,2.7,0.2,0.0
GRO_PALLISA_2009_F_0226,Pallisa,groundnuts,2009_First,,medium,food_and_market,medium,unknown,low,23.809523809523807,0.3112124982718097,2.7,0.2,0.0
GRO_SIRONKO_2008_S_0227,Sironko,groundnuts,2008_Second,,medium,food_and_market,medium,unknown,low,92.51700680272108,1.7876106194690264,3.1153846153846154,0.07692307692307693,0.19230769230769232
GRO_SIRONKO_2009_F_0228,Sironko,groundnuts,2009_First,,medium,food_and_market,medium,unknown,low,80.95238095238095,0.9116022099447514,3.1153846153846154,0.07692307692307693,0.19230769230769232
GRO_SOROTI_2008_S_0229,Soroti,groundnuts,2008_Second,,medium,food_and_market,medium,unknown,low,99.31972789115646,4.720330237358101,2.3488372093023258,0.16279069767441862,0.023255813953488372
GRO_SOROTI_2009_F_0230,Soroti,groundnuts,2009_First,,medium,food_and_market,medium,unknown,low,55.78231292517006,0.564023804952966,2.3488372093023258,0.16279069767441862,0.023255813953488372
GRO_TORORO_2008_S_0231,Tororo,groundnuts,2008_Second,,medium,food_and_market,medium,unknown,low,97.95918367346938,3.0167173252279635,2.8461538461538463,0.10256410256410256,0.1282051282051282
GRO_TORORO_2009_F_0232,Tororo,groundnuts,2009_First,,medium,food_and_market,medium,unknown,low,94.5578231292517,1.936132983377078,2.8461538461538463,0.10256410256410256,0.1282051282051282
GRO_ABIM_2008_S_0233,Abim,groundnuts,2008_Second,,low,food_and_market,low,unknown,low,90.47619047619048,1.598360655737705,1.85,0.45,0.05
GRO_ABIM_2009_F_0234,Abim,groundnuts,2009_First,,low,food_and_market,low,unknown,low,61.224489795918366,0.6119402985074627,1.85,0.45,0.05
GRO_ADJUMANI_2008_S_0235,Adjumani,groundnuts,2008_Second,,high,food_and_market,high,unknown,low,95.91836734693877,2.375548589341693,4.0,0.0,0.0
GRO_ADJUMANI_2009_F_0236,Adjumani,groundnuts,2009_First,,high,food_and_market,high,unknown,low,82.99319727891157,1.017409470752089,4.0,0.0,0.0
GRO_AMOLATAR_2008_S_0237,Amolatar,groundnuts,2008_Second,,medium,food_and_market,medium,unknown,low,60.544217687074834,0.6076388888888888,2.923076923076923,0.23076923076923078,0.0
GRO_AMOLATAR_2009_F_0238,Amolatar,groundnuts,2009_First,,medium,food_and_market,medium,unknown,low,10.20408163265306,0.1884816753926701,2.923076923076923,0.23076923076923078,0.0
GRO_AMURU_2008_S_0239,Amuru,groundnuts,2008_Second,,medium,food_and_market,medium,unknown,low,93.87755102040816,1.9340159271899888,2.5,0.0,0.0
GRO_AMURU_2009_F_0240,Amuru,groundnuts,2009_First,,medium,food_and_market,medium,unknown,low,44.89795918367347,0.4985892785167271,2.5,0.0,0.0
GRO_APAC_2008_S_0241,Apac,groundnuts,2008_Second,,medium,food_and_market,medium,unknown,low,80.27210884353741,0.90725484985384,3.0943396226415096,0.1509433962264151,0.11320754716981132
GRO_APAC_2009_F_0242,Apac,groundnuts,2009_First,,medium,food_and_market,medium,unknown,low,41.49659863945578,0.4740591238276148,3.0943396226415096,0.1509433962264151,0.11320754716981132
GRO_ARUA_2008_S_0243,Arua,groundnuts,2008_Second,,medium,food_and_market,medium,unknown,low,96.5986394557823,2.395960669678448,2.7604166666666665,0.1875,0.09375
GRO_ARUA_2009_F_0244,Arua,groundnuts,2009_First,,medium,food_and_market,medium,unknown,low,72.10884353741497,0.7584973166368515,2.7604166666666665,0.1875,0.09375
GRO_DOKOLO_2008_S_0245,Dokolo,groundnuts,2008_Second,,medium,food_and_market,medium,unknown,medium,43.53741496598639,0.4908256880733945,2.259259259259259,0.2222222222222222,0.2222222222222222
GRO_DOKOLO_2009_F_0246,Dokolo,groundnuts,2009_First,,medium,food_and_market,medium,unknown,medium,8.16326530612245,0.1638924455825864,2.259259259259259,0.2222222222222222,0.2222222222222222
GRO_GULU_2008_S_0247,Gulu,groundnuts,2008_Second,,high,food_and_market,medium,unknown,medium,21.7687074829932,0.3038231524989321,3.361111111111111,0.08333333333333333,0.4722222222222222
GRO_GULU_2009_F_0248,Gulu,groundnuts,2009_First,,high,food_and_market,medium,unknown,medium,34.01360544217687,0.4126582278481012,3.361111111111111,0.08333333333333333,0.4722222222222222
GRO_KAABONG_2008_S_0249,Kaabong,groundnuts,2008_Second,,low,food_and_market,low,unknown,low,44.21768707482993,0.4916864608076009,1.3095238095238095,0.8571428571428571,0.07142857142857142
GRO_KAABONG_2009_F_0250,Kaabong,groundnuts,2009_First,,low,food_and_market,low,unknown,low,,,1.3095238095238095,0.8571428571428571,0.07142857142857142
GRO_KITGUM_2008_S_0251,Kitgum,groundnuts,2008_Second,,high,food_and_market,medium,unknown,medium,55.10204081632652,0.5628099173553719,3.125,0.125,0.375
GRO_KITGUM_2009_F_0252,Kitgum,groundnuts,2009_First,,high,food_and_market,medium,unknown,medium,12.244897959183673,0.2012304537298128,3.125,0.125,0.375
GRO_KOBOKO_2008_S_0253,Koboko,groundnuts,2008_Second,,medium,food_and_market,medium,unknown,medium,65.98639455782312,0.6735057983942908,2.6842105263157894,0.15789473684210525,0.3157894736842105
GRO_KOBOKO_2009_F_0254,Koboko,groundnuts,2009_First,,medium,food_and_market,medium,unknown,medium,51.02040816326531,0.526706231454006,2.6842105263157894,0.15789473684210525,0.3157894736842105
GRO_KOTIDO_2008_S_0255,Kotido,groundnuts,2008_Second,,low,food_and_market,low,unknown,medium,29.25170068027211,0.3509316770186335,1.925,0.55,0.4
GRO_KOTIDO_2009_F_0256,Kotido,groundnuts,2009_First,,low,food_and_market,low,unknown,medium,83.6734693877551,1.0567951318458415,1.925,0.55,0.4
GRO_LIRA_2008_S_0257,Lira,groundnuts,2008_Second,,medium,food_and_market,medium,unknown,medium,23.12925170068027,0.3094949494949495,3.1923076923076925,0.07692307692307693,0.25
GRO_LIRA_2009_F_0258,Lira,groundnuts,2009_First,,medium,food_and_market,medium,unknown,medium,17.687074829931973,0.2683429513602638,3.1923076923076925,0.07692307692307693,0.25
GRO_MOROTO_2008_S_0259,Moroto,groundnuts,2008_Second,,low,food_and_market,low,unknown,low,87.75510204081633,1.380281690140845,1.3,0.9,0.1
GRO_MOROTO_2009_F_0260,Moroto,groundnuts,2009_First,,low,food_and_market,low,unknown,low,,,1.3,0.9,0.1
GRO_MOYO_2008_S_0261,Moyo,groundnuts,2008_Second,,medium,food_and_market,medium,unknown,medium,53.06122448979592,0.5469565217391305,2.9166666666666665,0.08333333333333333,0.3611111111111111
GRO_MOYO_2009_F_0262,Moyo,groundnuts,2009_First,,medium,food_and_market,medium,unknown,medium,48.97959183673469,0.5206710605152786,2.9166666666666665,0.08333333333333333,0.3611111111111111
GRO_NAKAPIRI_2008_S_0263,Nakapiripirit,groundnuts,2008_Second,,medium,food_and_market,medium,unknown,medium,0.6802721088435374,0.0534948741845293,2.611111111111111,0.2777777777777778,0.2777777777777778
GRO_NAKAPIRI_2009_F_0264,Nakapiripirit,groundnuts,2009_First,,medium,food_and_market,medium,unknown,medium,1.3605442176870748,0.0589184826472962,2.611111111111111,0.2777777777777778,0.2777777777777778
GRO_NEBBI_2008_S_0265,Nebbi,groundnuts,2008_Second,,medium,food_and_market,medium,unknown,low,62.58503401360544,0.6211234640140433,2.413793103448276,0.1724137931034483,0.10344827586206896
GRO_NEBBI_2009_F_0266,Nebbi,groundnuts,2009_First,,medium,food_and_market,medium,unknown,low,77.55102040816327,0.8472222222222222,2.413793103448276,0.1724137931034483,0.10344827586206896
GRO_NYADRI_2008_S_0267,Nyadri,groundnuts,2008_Second,,medium,food_and_market,unknown,unknown,unknown,57.82312925170068,0.586870401810979,,,
GRO_NYADRI_2009_F_0268,Nyadri,groundnuts,2009_First,,medium,food_and_market,unknown,unknown,unknown,59.18367346938776,0.6061452513966481,,,
GRO_OYAM_2008_S_0269,Oyam,groundnuts,2008_Second,,medium,food_and_market,medium,unknown,low,53.74149659863946,0.5491559086395233,2.6666666666666665,0.031746031746031744,0.07936507936507936
GRO_OYAM_2009_F_0270,Oyam,groundnuts,2009_First,,medium,food_and_market,medium,unknown,low,76.87074829931973,0.8405026582890285,2.6666666666666665,0.031746031746031744,0.07936507936507936
GRO_PADER_2008_S_0271,Pader,groundnuts,2008_Second,,medium,food_and_market,medium,unknown,low,40.13605442176871,0.4735843403575352,2.3846153846153846,0.38461538461538464,0.0
GRO_PADER_2009_F_0272,Pader,groundnuts,2009_First,,medium,food_and_market,medium,unknown,low,22.448979591836736,0.3051799130090945,2.3846153846153846,0.38461538461538464,0.0
GRO_YUMBE_2008_S_0273,Yumbe,groundnuts,2008_Second,,medium,food_and_market,medium,unknown,low,79.59183673469387,0.881021897810219,2.7222222222222223,0.2777777777777778,0.0
GRO_YUMBE_2009_F_0274,Yumbe,groundnuts,2009_First,,medium,food_and_market,medium,unknown,low,34.69387755102041,0.4216626698641087,2.7222222222222223,0.2777777777777778,0.0
GRO_BULIISA_2008_S_0275,Buliisa,groundnuts,2008_Second,,medium,food_and_market,unknown,unknown,unknown,89.79591836734694,1.5714285714285714,,,
GRO_BULIISA_2009_F_0276,Buliisa,groundnuts,2009_First,,medium,food_and_market,unknown,unknown,unknown,84.35374149659864,1.0714285714285714,,,
GRO_BUNDIBUG_2008_S_0277,Bundibugyo,groundnuts,2008_Second,,medium,food_and_market,unknown,unknown,unknown,15.64625850340136,0.25,,,
GRO_BUNDIBUG_2009_F_0278,Bundibugyo,groundnuts,2009_First,,medium,food_and_market,unknown,unknown,unknown,11.564625850340136,0.1956521739130435,,,
GRO_BUSHENYI_2008_S_0279,Bushenyi,groundnuts,2008_Second,,medium,food_and_market,medium,unknown,medium,42.85714285714285,0.484,3.2857142857142856,0.14285714285714285,0.25
GRO_BUSHENYI_2009_F_0280,Bushenyi,groundnuts,2009_First,,medium,food_and_market,medium,unknown,medium,8.843537414965986,0.1768231768231768,3.2857142857142856,0.14285714285714285,0.25
GRO_HOIMA_2008_S_0281,Hoima,groundnuts,2008_Second,,medium,food_and_market,medium,unknown,medium,70.74829931972789,0.736415633937083,3.45,0.075,0.225
GRO_HOIMA_2009_F_0282,Hoima,groundnuts,2009_First,,medium,food_and_market,medium,unknown,medium,85.71428571428571,1.183359830418654,3.45,0.075,0.225
GRO_IBANDA_2008_S_0283,Ibanda,groundnuts,2008_Second,,high,food_and_market,medium,unknown,medium,78.2312925170068,0.8576214405360134,3.0869565217391304,0.11594202898550725,0.4057971014492754
GRO_IBANDA_2009_F_0284,Ibanda,groundnuts,2009_First,,high,food_and_market,medium,unknown,medium,57.14285714285714,0.5809815950920245,3.0869565217391304,0.11594202898550725,0.4057971014492754
GRO_ISINGIRO_2008_S_0285,Isingiro,groundnuts,2008_Second,,medium,food_and_market,medium,unknown,medium,65.3061224489796,0.6703155183515775,3.0,0.11538461538461539,0.2692307692307692
GRO_ISINGIRO_2009_F_0286,Isingiro,groundnuts,2009_First,,medium,food_and_market,medium,unknown,medium,46.93877551020408,0.5064011379800853,3.0,0.11538461538461539,0.2692307692307692
GRO_KABALE_2008_S_0287,Kabale,groundnuts,2008_Second,,medium,food_and_market,medium,unknown,high,4.081632653061225,0.1194968553459119,2.8333333333333335,0.2222222222222222,0.5
GRO_KABALE_2009_F_0288,Kabale,groundnuts,2009_First,,medium,food_and_market,medium,unknown,high,38.775510204081634,0.4634146341463415,2.8333333333333335,0.2222222222222222,0.5
GRO_KABAROLE_2008_S_0289,Kabarole,groundnuts,2008_Second,,medium,food_and_market,medium,unknown,medium,95.23809523809524,2.0425055928411635,3.65625,0.0625,0.28125
GRO_KABAROLE_2009_F_0290,Kabarole,groundnuts,2009_First,,medium,food_and_market,medium,unknown,medium,93.19727891156462,1.8060046189376444,3.65625,0.0625,0.28125
GRO_KAMWENGE_2008_S_0291,Kamwenge,groundnuts,2008_Second,,medium,food_and_market,medium,unknown,low,61.90476190476191,0.6189839572192514,3.3333333333333335,0.0,0.0
GRO_KAMWENGE_2009_F_0292,Kamwenge,groundnuts,2009_First,,medium,food_and_market,medium,unknown,low,35.374149659863946,0.4378635642517187,3.3333333333333335,0.0,0.0
GRO_KANUNGU_2008_S_0293,Kanungu,groundnuts,2008_Second,,medium,food_and_market,medium,unknown,low,56.4625850340136,0.5736434108527132,2.8181818181818183,0.09090909090909091,0.0
GRO_KANUNGU_2009_F_0294,Kanungu,groundnuts,2009_First,,medium,food_and_market,medium,unknown,low,69.38775510204081,0.7297811607992388,2.8181818181818183,0.09090909090909091,0.0
GRO_KASESE_2008_S_0295,Kasese,groundnuts,2008_Second,,medium,food_and_market,medium,unknown,low,28.57142857142857,0.3466898954703832,3.1,0.04,0.18
GRO_KASESE_2009_F_0296,Kasese,groundnuts,2009_First,,medium,food_and_market,medium,unknown,low,6.802721088435375,0.1498708010335917,3.1,0.04,0.18
GRO_KIBAALE_2008_S_0297,Kibaale,groundnuts,2008_Second,,medium,food_and_market,medium,unknown,low,98.63945578231292,3.0303774163853943,3.5,0.0,0.0
GRO_KIBAALE_2009_F_0298,Kibaale,groundnuts,2009_First,,medium,food_and_market,medium,unknown,low,67.3469387755102,0.6919797495337063,3.5,0.0,0.0
GRO_KIRUHURA_2008_S_0299,Kiruhura,groundnuts,2008_Second,,medium,food_and_market,medium,unknown,low,97.27891156462584,2.3974437005477784,2.857142857142857,0.14285714285714285,0.07142857142857142
GRO_KIRUHURA_2009_F_0300,Kiruhura,groundnuts,2009_First,,medium,food_and_market,medium,unknown,low,87.07482993197279,1.3704061895551258,2.857142857142857,0.14285714285714285,0.07142857142857142
GRO_KYENJOJO_2008_S_0301,Kyenjojo,groundnuts,2008_Second,,medium,food_and_market,medium,unknown,low,91.83673469387756,1.7758247701460248,3.3181818181818183,0.0,0.022727272727272728
GRO_KYENJOJO_2009_F_0302,Kyenjojo,groundnuts,2009_First,,medium,food_and_market,medium,unknown,low,38.095238095238095,0.4595041322314049,3.3181818181818183,0.0,0.022727272727272728
GRO_MASINDI_2008_S_0303,Masindi,groundnuts,2008_Second,,medium,food_and_market,medium,unknown,low,74.82993197278913,0.8074817518248175,3.6470588235294117,0.0,0.17647058823529413
GRO_MASINDI_2009_F_0304,Masindi,groundnuts,2009_First,,medium,food_and_market,medium,unknown,low,85.03401360544217,1.149859943977591,3.6470588235294117,0.0,0.17647058823529413
GRO_MBARARA_2008_S_0305,Mbarara,groundnuts,2008_Second,,high,food_and_market,high,unknown,high,30.612244897959183,0.3715753424657534,3.767857142857143,0.017857142857142856,0.6071428571428571
GRO_MBARARA_2009_F_0306,Mbarara,groundnuts,2009_First,,high,food_and_market,high,unknown,high,64.62585034013605,0.6368421052631579,3.767857142857143,0.017857142857142856,0.6071428571428571
GRO_NTUNGAMO_2008_S_0307,Ntungamo,groundnuts,2008_Second,,medium,food_and_market,medium,unknown,medium,50.34013605442177,0.5233589591957422,2.816666666666667,0.16666666666666666,0.3
GRO_NTUNGAMO_2009_F_0308,Ntungamo,groundnuts,2009_First,,medium,food_and_market,medium,unknown,medium,14.965986394557824,0.2354645147941237,2.816666666666667,0.16666666666666666,0.3
GRO_RUKUNGIR_2008_S_0309,Rukungiri,groundnuts,2008_Second,,medium,food_and_market,medium,unknown,low,36.734693877551024,0.4481546572934973,2.3142857142857145,0.2571428571428571,0.0
GRO_RUKUNGIR_2009_F_0310,Rukungiri,groundnuts,2009_First,,medium,food_and_market,medium,unknown,low,24.489795918367346,0.3133174791914387,2.3142857142857145,0.2571428571428571,0.0
MAI_KALANGAL_2008_S_0311,Kalangala,maize,2008_Second,,high,food_and_market,high,unknown,low,56.60377358490566,1.5625,5.0,0.0,0.0
MAI_KALANGAL_2009_F_0312,Kalangala,maize,2009_First,,high,food_and_market,high,unknown,low,98.74213836477988,10.171875,5.0,0.0,0.0
MAI_KAMPALA_2008_S_0313,Kampala,maize,2008_Second,,high,food_and_market,high,unknown,high,71.69811320754717,2.926470588235294,4.651162790697675,0.0,0.9612403100775194
MAI_KAMPALA_2009_F_0314,Kampala,maize,2009_First,,high,food_and_market,high,unknown,high,16.352201257861633,0.6666666666666666,4.651162790697675,0.0,0.9612403100775194
MAI_KAYUNGA_2008_S_0315,Kayunga,maize,2008_Second,,medium,food_and_market,medium,unknown,medium,30.81761006289308,1.0487290617312874,3.3333333333333335,0.09090909090909091,0.3333333333333333
MAI_KAYUNGA_2009_F_0316,Kayunga,maize,2009_First,,medium,food_and_market,medium,unknown,medium,31.446540880503143,1.048934219573688,3.3333333333333335,0.09090909090909091,0.3333333333333333
MAI_KIBOGA_2008_S_0317,Kiboga,maize,2008_Second,,medium,food_and_market,medium,unknown,low,52.20125786163522,1.4335216572504708,3.260869565217391,0.08695652173913043,0.13043478260869565
MAI_LUWERO_2008_S_0318,Luwero,maize,2008_Second,,high,food_and_market,high,unknown,medium,88.67924528301887,5.289932030586236,4.076923076923077,0.0,0.46153846153846156
MAI_LUWERO_2009_F_0319,Luwero,maize,2009_First,,high,food_and_market,high,unknown,medium,49.685534591194966,1.3825503355704698,4.076923076923077,0.0,0.46153846153846156
MAI_LYANTOND_2008_S_0320,Lyantonde,maize,2008_Second,,medium,food_and_market,medium,unknown,high,59.74842767295597,1.8235294117647056,2.5,0.0,1.0
MAI_LYANTOND_2009_F_0321,Lyantonde,maize,2009_First,,medium,food_and_market,medium,unknown,high,5.031446540880504,0.3023648648648648,2.5,0.0,1.0
MAI_MASAKA_2008_S_0322,Masaka,maize,2008_Second,,medium,food_and_market,medium,unknown,low,81.13207547169812,3.807007323568575,3.642857142857143,0.0,0.14285714285714285
MAI_MASAKA_2009_F_0323,Masaka,maize,2009_First,,medium,food_and_market,medium,unknown,low,80.50314465408806,3.735636884072787,3.642857142857143,0.0,0.14285714285714285
MAI_MITYANA_2008_S_0324,Mityana,maize,2008_Second,,high,food_and_market,high,unknown,medium,46.540880503144656,1.3252398081534773,3.912280701754386,0.017543859649122806,0.3508771929824561
MAI_MITYANA_2009_F_0325,Mityana,maize,2009_First,,high,food_and_market,high,unknown,medium,38.9937106918239,1.2111952406706328,3.912280701754386,0.017543859649122806,0.3508771929824561
MAI_MPIGI_2008_S_0326,Mpigi,maize,2008_Second,,high,food_and_market,high,unknown,low,79.24528301886792,3.54812892061432,4.0,0.03333333333333333,0.1
MAI_MPIGI_2009_F_0327,Mpigi,maize,2009_First,,high,food_and_market,high,unknown,low,18.867924528301888,0.7114996637525218,4.0,0.03333333333333333,0.1
MAI_MUBENDE_2008_S_0328,Mubende,maize,2008_Second,,medium,food_and_market,high,unknown,medium,88.0503144654088,5.2720520391216095,3.8275862068965516,0.034482758620689655,0.3103448275862069
MAI_MUBENDE_2009_F_0329,Mubende,maize,2009_First,,medium,food_and_market,high,unknown,medium,71.0691823899371,2.8664917503405825,3.8275862068965516,0.034482758620689655,0.3103448275862069
MAI_MUKONO_2008_S_0330,Mukono,maize,2008_Second,,medium,food_and_market,high,unknown,medium,32.70440251572327,1.0535279805352795,3.761904761904762,0.0,0.3333333333333333
MAI_MUKONO_2009_F_0331,Mukono,maize,2009_First,,medium,food_and_market,high,unknown,medium,39.62264150943396,1.2184896900177522,3.761904761904762,0.0,0.3333333333333333
MAI_NAKASEKE_2008_S_0332,Nakaseke,maize,2008_Second,,medium,food_and_market,medium,unknown,medium,62.893081761006286,2.16271186440678,3.4285714285714284,0.0,0.21428571428571427
MAI_NAKASEKE_2009_F_0333,Nakaseke,maize,2009_First,,medium,food_and_market,medium,unknown,medium,22.0125786163522,0.8428256070640177,3.4285714285714284,0.0,0.21428571428571427
MAI_NAKASONG_2008_S_0334,Nakasongola,maize,2008_Second,,medium,food_and_market,unknown,unknown,unknown,69.81132075471697,2.706498951781971,,,
MAI_NAKASONG_2009_F_0335,Nakasongola,maize,2009_First,,medium,food_and_market,unknown,unknown,unknown,45.911949685534594,1.3105134474327629,,,
MAI_RAKAI_2008_S_0336,Rakai,maize,2008_Second,,medium,food_and_market,medium,unknown,low,66.66666666666666,2.3535322306384296,2.9473684210526314,0.13157894736842105,0.02631578947368421
MAI_RAKAI_2009_F_0337,Rakai,maize,2009_First,,medium,food_and_market,medium,unknown,low,41.50943396226416,1.2342007434944238,2.9473684210526314,0.13157894736842105,0.02631578947368421
MAI_SEMBABUL_2008_S_0338,Sembabule,maize,2008_Second,,medium,food_and_market,unknown,unknown,unknown,51.57232704402516,1.4218473895582329,,,
MAI_SEMBABUL_2009_F_0339,Sembabule,maize,2009_First,,medium,food_and_market,unknown,unknown,unknown,29.559748427672957,1.0188945290468132,,,
MAI_WAKISO_2008_S_0340,Wakiso,maize,2008_Second,,high,food_and_market,high,unknown,high,28.30188679245283,0.9915966386554622,4.313131313131313,0.0,0.8585858585858586
MAI_WAKISO_2009_F_0341,Wakiso,maize,2009_First,,high,food_and_market,high,unknown,high,24.52830188679245,0.8933276668083298,4.313131313131313,0.0,0.8585858585858586
MAI_AMURIA_2008_S_0342,Amuria,maize,2008_Second,,medium,food_and_market,unknown,unknown,unknown,3.1446540880503147,0.2290748898678414,,,
MAI_AMURIA_2009_F_0343,Amuria,maize,2009_First,,medium,food_and_market,unknown,unknown,unknown,10.062893081761008,0.606140815246162,,,
MAI_BUDAKA_2008_S_0344,Budaka,maize,2008_Second,,medium,food_and_market,unknown,unknown,unknown,28.93081761006289,0.9925512104283054,,,
MAI_BUDAKA_2009_F_0345,Budaka,maize,2009_First,,medium,food_and_market,unknown,unknown,unknown,25.78616352201258,0.9299097848716168,,,
MAI_BUDUDA_2008_S_0346,Bududa,maize,2008_Second,,medium,food_and_market,low,unknown,low,100.0,14.649253731343284,2.125,0.25,0.0
MAI_BUDUDA_2009_F_0347,Bududa,maize,2009_First,,medium,food_and_market,low,unknown,low,82.38993710691824,3.9941383352872215,2.125,0.25,0.0
MAI_BUGIRI_2008_S_0348,Bugiri,maize,2008_Second,,medium,food_and_market,medium,unknown,low,48.42767295597484,1.347058823529412,2.6551724137931036,0.1724137931034483,0.0
MAI_BUGIRI_2009_F_0349,Bugiri,maize,2009_First,,medium,food_and_market,medium,unknown,low,21.38364779874214,0.8425823500491643,2.6551724137931036,0.1724137931034483,0.0
MAI_BUKEDEA_2008_S_0350,Bukedea,maize,2008_Second,,medium,food_and_market,medium,unknown,low,54.088050314465406,1.5165148063781322,2.5217391304347827,0.17391304347826086,0.0
MAI_BUKEDEA_2009_F_0351,Bukedea,maize,2009_First,,medium,food_and_market,medium,unknown,low,86.79245283018868,5.154384520378756,2.5217391304347827,0.17391304347826086,0.0
MAI_BUKWO_2008_S_0352,Bukwo,maize,2008_Second,,medium,food_and_market,unknown,unknown,unknown,87.42138364779875,5.250583138953682,,,
MAI_BUKWO_2009_F_0353,Bukwo,maize,2009_First,,medium,food_and_market,unknown,unknown,unknown,64.15094339622641,2.210575719649562,,,
MAI_BUSIA_2008_S_0354,Busia,maize,2008_Second,,low,food_and_market,low,unknown,low,11.949685534591197,0.6149628366029,1.9090909090909092,0.18181818181818182,0.0
MAI_BUSIA_2009_F_0355,Busia,maize,2009_First,,low,food_and_market,low,unknown,low,10.69182389937107,0.6066523605150215,1.9090909090909092,0.18181818181818182,0.0
MAI_BUTALEJA_2008_S_0356,Butaleja,maize,2008_Second,,medium,food_and_market,low,unknown,low,40.88050314465409,1.2332644628099174,2.1052631578947367,0.3684210526315789,0.0
MAI_BUTALEJA_2009_F_0357,Butaleja,maize,2009_First,,medium,food_and_market,low,unknown,low,65.40880503144653,2.304659498207885,2.1052631578947367,0.3684210526315789,0.0
MAI_IGANGA_2008_S_0358,Iganga,maize,2008_Second,,high,food_and_market,medium,unknown,high,77.35849056603774,3.4351654336676805,3.4814814814814814,0.0,0.5925925925925926
MAI_IGANGA_2009_F_0359,Iganga,maize,2009_First,,high,food_and_market,medium,unknown,high,96.22641509433964,8.336349316824792,3.4814814814814814,0.0,0.5925925925925926
MAI_JINJA_2008_S_0360,Jinja,maize,2008_Second,,medium,food_and_market,medium,unknown,medium,58.490566037735846,1.7555262772654077,3.1166666666666667,0.06666666666666667,0.25
MAI_JINJA_2009_F_0361,Jinja,maize,2009_First,,medium,food_and_market,medium,unknown,medium,42.138364779874216,1.2366920152091254,3.1166666666666667,0.06666666666666667,0.25
MAI_KABERAMA_2008_S_0362,Kaberamaido,maize,2008_Second,,medium,food_and_market,unknown,unknown,unknown,13.836477987421384,0.6363915311445228,,,
MAI_KABERAMA_2009_F_0363,Kaberamaido,maize,2009_First,,medium,food_and_market,unknown,unknown,unknown,6.918238993710692,0.3896660649819494,,,
MAI_KALIRO_2008_S_0364,Kaliro,maize,2008_Second,,low,food_and_market,low,unknown,low,33.33333333333333,1.063031515757879,2.0,0.16666666666666666,0.0
MAI_KALIRO_2009_F_0365,Kaliro,maize,2009_First,,low,food_and_market,low,unknown,low,19.49685534591195,0.7506687574946961,2.0,0.16666666666666666,0.0
MAI_KAMULI_2008_S_0366,Kamuli,maize,2008_Second,,medium,food_and_market,medium,unknown,medium,54.71698113207547,1.5176780134846242,3.096774193548387,0.06451612903225806,0.3225806451612903
MAI_KAMULI_2009_F_0367,Kamuli,maize,2009_First,,medium,food_and_market,medium,unknown,medium,32.075471698113205,1.052713975278641,3.096774193548387,0.06451612903225806,0.3225806451612903
MAI_KAPCHORW_2008_S_0368,Kapchorwa,maize,2008_Second,,high,food_and_market,high,unknown,low,97.48427672955977,8.72361809045226,4.0,0.0,0.0
MAI_KAPCHORW_2009_F_0369,Kapchorwa,maize,2009_First,,high,food_and_market,high,unknown,low,92.45283018867924,7.722977346278317,4.0,0.0,0.0
MAI_KATAKWI_2008_S_0370,Katakwi,maize,2008_Second,,low,food_and_market,low,unknown,low,6.289308176100629,0.3795454545454545,1.8095238095238095,0.47619047619047616,0.047619047619047616
MAI_KATAKWI_2009_F_0371,Katakwi,maize,2009_First,,low,food_and_market,low,unknown,low,2.515723270440252,0.1981981981981982,1.8095238095238095,0.47619047619047616,0.047619047619047616
MAI_KUMI_2008_S_0372,Kumi,maize,2008_Second,,medium,food_and_market,low,unknown,low,14.465408805031446,0.6366001734605378,2.0652173913043477,0.391304347826087,0.17391304347826086
MAI_KUMI_2009_F_0373,Kumi,maize,2009_First,,medium,food_and_market,low,unknown,low,8.176100628930817,0.5541830432341381,2.0652173913043477,0.391304347826087,0.17391304347826086
MAI_MANAFWA_2008_S_0374,Manafwa,maize,2008_Second,,medium,food_and_market,medium,unknown,low,93.08176100628933,7.731012658227848,2.5,0.2727272727272727,0.0
MAI_MANAFWA_2009_F_0375,Manafwa,maize,2009_First,,medium,food_and_market,medium,unknown,low,63.52201257861635,2.1924059875867106,2.5,0.2727272727272727,0.0
MAI_MAYUGE_2008_S_0376,Mayuge,maize,2008_Second,,medium,food_and_market,medium,unknown,low,76.10062893081762,3.368962432915921,2.630434782608696,0.15217391304347827,0.15217391304347827
MAI_MAYUGE_2009_F_0377,Mayuge,maize,2009_First,,medium,food_and_market,medium,unknown,low,52.83018867924528,1.4442413162705667,2.630434782608696,0.15217391304347827,0.15217391304347827
MAI_MBALE_2008_S_0378,Mbale,maize,2008_Second,,high,food_and_market,high,unknown,high,91.19496855345912,6.935024752475248,4.076923076923077,0.0,0.6153846153846154
MAI_MBALE_2009_F_0379,Mbale,maize,2009_First,,high,food_and_market,high,unknown,high,34.59119496855346,1.1184928111056025,4.076923076923077,0.0,0.6153846153846154
MAI_NAMUTUMB_2008_S_0380,Namutumba,maize,2008_Second,,low,food_and_market,low,unknown,low,86.16352201257862,4.852585511919844,1.7272727272727273,0.45454545454545453,0.09090909090909091
MAI_NAMUTUMB_2009_F_0381,Namutumba,maize,2009_First,,low,food_and_market,low,unknown,low,55.9748427672956,1.557850296668188,1.7272727272727273,0.45454545454545453,0.09090909090909091
MAI_PALLISA_2008_S_0382,Pallisa,maize,2008_Second,,medium,food_and_market,medium,unknown,low,27.67295597484277,0.9708844533968136,2.7,0.2,0.0
MAI_PALLISA_2009_F_0383,Pallisa,maize,2009_First,,medium,food_and_market,medium,unknown,low,85.53459119496856,4.847858672376874,2.7,0.2,0.0
MAI_SIRONKO_2008_S_0384,Sironko,maize,2008_Second,,medium,food_and_market,medium,unknown,low,83.01886792452831,4.009724473257698,3.1153846153846154,0.07692307692307693,0.19230769230769232
MAI_SIRONKO_2009_F_0385,Sironko,maize,2009_First,,medium,food_and_market,medium,unknown,low,72.32704402515722,2.958882445967317,3.1153846153846154,0.07692307692307693,0.19230769230769232
MAI_SOROTI_2008_S_0386,Soroti,maize,2008_Second,,medium,food_and_market,medium,unknown,low,96.85534591194968,8.597374543037555,2.3488372093023258,0.16279069767441862,0.023255813953488372
MAI_SOROTI_2009_F_0387,Soroti,maize,2009_First,,medium,food_and_market,medium,unknown,low,98.1132075471698,9.120806794055202,2.3488372093023258,0.16279069767441862,0.023255813953488372
MAI_TORORO_2008_S_0388,Tororo,maize,2008_Second,,medium,food_and_market,medium,unknown,low,90.56603773584906,5.919102394870828,2.8461538461538463,0.10256410256410256,0.1282051282051282
MAI_TORORO_2009_F_0389,Tororo,maize,2009_First,,medium,food_and_market,medium,unknown,low,91.8238993710692,7.563450042698548,2.8461538461538463,0.10256410256410256,0.1282051282051282
MAI_ABIM_2008_S_0390,Abim,maize,2008_Second,,low,food_and_market,low,unknown,low,75.47169811320755,3.311688311688312,1.85,0.45,0.05
MAI_ABIM_2009_F_0391,Abim,maize,2009_First,,low,food_and_market,low,unknown,low,84.90566037735849,4.833333333333333,1.85,0.45,0.05
MAI_ADJUMANI_2008_S_0392,Adjumani,maize,2008_Second,,high,food_and_market,high,unknown,low,89.937106918239,5.894891583976479,4.0,0.0,0.0
MAI_ADJUMANI_2009_F_0393,Adjumani,maize,2009_First,,high,food_and_market,high,unknown,low,81.76100628930818,3.9359636959536113,4.0,0.0,0.0
MAI_AMOLATAR_2008_S_0394,Amolatar,maize,2008_Second,,medium,food_and_market,medium,unknown,low,44.65408805031446,1.3007334963325183,2.923076923076923,0.23076923076923078,0.0
MAI_AMOLATAR_2009_F_0395,Amolatar,maize,2009_First,,medium,food_and_market,medium,unknown,low,3.7735849056603774,0.2541959108941105,2.923076923076923,0.23076923076923078,0.0
MAI_AMURU_2008_S_0396,Amuru,maize,2008_Second,,medium,food_and_market,medium,unknown,low,77.9874213836478,3.4735863095238093,2.5,0.0,0.0
MAI_AMURU_2009_F_0397,Amuru,maize,2009_First,,medium,food_and_market,medium,unknown,low,67.9245283018868,2.413049565947914,2.5,0.0,0.0
MAI_APAC_2008_S_0398,Apac,maize,2008_Second,,medium,food_and_market,medium,unknown,low,38.36477987421384,1.203569383470128,3.0943396226415096,0.1509433962264151,0.11320754716981132
MAI_APAC_2009_F_0399,Apac,maize,2009_First,,medium,food_and_market,medium,unknown,low,15.723270440251572,0.6548926928972918,3.0943396226415096,0.1509433962264151,0.11320754716981132
MAI_ARUA_2008_S_0400,Arua,maize,2008_Second,,medium,food_and_market,medium,unknown,low,78.61635220125787,3.5211786372007365,2.7604166666666665,0.1875,0.09375
MAI_ARUA_2009_F_0401,Arua,maize,2009_First,,medium,food_and_market,medium,unknown,low,23.270440251572328,0.8859688195991091,2.7604166666666665,0.1875,0.09375
MAI_DOKOLO_2008_S_0402,Dokolo,maize,2008_Second,,medium,food_and_market,medium,unknown,medium,62.264150943396224,1.998841251448436,2.259259259259259,0.2222222222222222,0.2222222222222222
MAI_DOKOLO_2009_F_0403,Dokolo,maize,2009_First,,medium,food_and_market,medium,unknown,medium,5.660377358490567,0.3661426560300329,2.259259259259259,0.2222222222222222,0.2222222222222222
MAI_GULU_2008_S_0404,Gulu,maize,2008_Second,,high,food_and_market,medium,unknown,medium,64.77987421383648,2.246132208157525,3.361111111111111,0.08333333333333333,0.4722222222222222
MAI_GULU_2009_F_0405,Gulu,maize,2009_First,,high,food_and_market,medium,unknown,medium,37.10691823899371,1.1768941253477336,3.361111111111111,0.08333333333333333,0.4722222222222222
MAI_KAABONG_2008_S_0406,Kaabong,maize,2008_Second,,low,food_and_market,low,unknown,low,11.320754716981131,0.6082949308755761,1.3095238095238095,0.8571428571428571,0.07142857142857142
MAI_KAABONG_2009_F_0407,Kaabong,maize,2009_First,,low,food_and_market,low,unknown,low,1.257861635220126,0.1372812920592193,1.3095238095238095,0.8571428571428571,0.07142857142857142
MAI_KITGUM_2008_S_0408,Kitgum,maize,2008_Second,,high,food_and_market,medium,unknown,medium,18.238993710691823,0.7067039106145251,3.125,0.125,0.375
MAI_KITGUM_2009_F_0409,Kitgum,maize,2009_First,,high,food_and_market,medium,unknown,medium,4.40251572327044,0.2910189016888491,3.125,0.125,0.375
MAI_KOBOKO_2008_S_0410,Koboko,maize,2008_Second,,medium,food_and_market,medium,unknown,medium,70.44025157232704,2.7662061636556854,2.6842105263157894,0.15789473684210525,0.3157894736842105
MAI_KOBOKO_2009_F_0411,Koboko,maize,2009_First,,medium,food_and_market,medium,unknown,medium,50.31446540880504,1.3848396501457727,2.6842105263157894,0.15789473684210525,0.3157894736842105
MAI_KOTIDO_2008_S_0412,Kotido,maize,2008_Second,,low,food_and_market,low,unknown,medium,45.28301886792453,1.3062561415001637,1.925,0.55,0.4
MAI_KOTIDO_2009_F_0413,Kotido,maize,2009_First,,low,food_and_market,low,unknown,medium,7.547169811320755,0.543,1.925,0.55,0.4
MAI_LIRA_2008_S_0414,Lira,maize,2008_Second,,medium,food_and_market,medium,unknown,medium,36.477987421383645,1.160350544765514,3.1923076923076925,0.07692307692307693,0.25
MAI_LIRA_2009_F_0415,Lira,maize,2009_First,,medium,food_and_market,medium,unknown,medium,9.433962264150944,0.5859213250517599,3.1923076923076925,0.07692307692307693,0.25
MAI_MOROTO_2008_S_0416,Moroto,maize,2008_Second,,low,food_and_market,low,unknown,low,40.25157232704403,1.2316546762589928,1.3,0.9,0.1
MAI_MOROTO_2009_F_0417,Moroto,maize,2009_First,,low,food_and_market,low,unknown,low,16.9811320754717,0.6994011976047905,1.3,0.9,0.1
MAI_MOYO_2008_S_0418,Moyo,maize,2008_Second,,medium,food_and_market,medium,unknown,medium,59.11949685534591,1.782122905027933,2.9166666666666665,0.08333333333333333,0.3611111111111111
MAI_MOYO_2009_F_0419,Moyo,maize,2009_First,,medium,food_and_market,medium,unknown,medium,25.15723270440252,0.9066350710900474,2.9166666666666665,0.08333333333333333,0.3611111111111111
MAI_NAKAPIRI_2008_S_0420,Nakapiripirit,maize,2008_Second,,medium,food_and_market,medium,unknown,medium,1.8867924528301887,0.1387555022008803,2.611111111111111,0.2777777777777778,0.2777777777777778
MAI_NAKAPIRI_2009_F_0421,Nakapiripirit,maize,2009_First,,medium,food_and_market,medium,unknown,medium,0.628930817610063,0.0527043638598647,2.611111111111111,0.2777777777777778,0.2777777777777778
MAI_NEBBI_2008_S_0422,Nebbi,maize,2008_Second,,medium,food_and_market,medium,unknown,low,61.63522012578616,1.9673950153636053,2.413793103448276,0.1724137931034483,0.10344827586206896
MAI_NEBBI_2009_F_0423,Nebbi,maize,2009_First,,medium,food_and_market,medium,unknown,low,35.84905660377358,1.141812865497076,2.413793103448276,0.1724137931034483,0.10344827586206896
MAI_NYADRI_2008_S_0424,Nyadri,maize,2008_Second,,medium,food_and_market,unknown,unknown,unknown,57.23270440251572,1.65,,,
MAI_NYADRI_2009_F_0425,Nyadri,maize,2009_First,,medium,food_and_market,unknown,unknown,unknown,17.61006289308176,0.7011825785982118,,,
MAI_OYAM_2008_S_0426,Oyam,maize,2008_Second,,medium,food_and_market,medium,unknown,low,47.79874213836478,1.344909771876064,2.6666666666666665,0.031746031746031744,0.07936507936507936
MAI_OYAM_2009_F_0427,Oyam,maize,2009_First,,medium,food_and_market,medium,unknown,low,33.9622641509434,1.0766179023059756,2.6666666666666665,0.031746031746031744,0.07936507936507936
MAI_PADER_2008_S_0428,Pader,maize,2008_Second,,medium,food_and_market,medium,unknown,low,20.12578616352201,0.779750164365549,2.3846153846153846,0.38461538461538464,0.0
MAI_PADER_2009_F_0429,Pader,maize,2009_First,,medium,food_and_market,medium,unknown,low,20.75471698113208,0.8412421493370551,2.3846153846153846,0.38461538461538464,0.0
MAI_YUMBE_2008_S_0430,Yumbe,maize,2008_Second,,medium,food_and_market,medium,unknown,low,67.29559748427673,2.371819960861057,2.7222222222222223,0.2777777777777778,0.0
MAI_YUMBE_2009_F_0431,Yumbe,maize,2009_First,,medium,food_and_market,medium,unknown,low,79.87421383647799,3.636840929401251,2.7222222222222223,0.2777777777777778,0.0
MAI_BULIISA_2008_S_0432,Buliisa,maize,2008_Second,,medium,food_and_market,unknown,unknown,unknown,55.34591194968554,1.534857142857143,,,
MAI_BULIISA_2009_F_0433,Buliisa,maize,2009_First,,medium,food_and_market,unknown,unknown,unknown,99.37106918238992,12.688524590163937,,,
MAI_BUNDIBUG_2008_S_0434,Bundibugyo,maize,2008_Second,,medium,food_and_market,unknown,unknown,unknown,50.943396226415096,1.4130925507900678,,,
MAI_BUNDIBUG_2009_F_0435,Bundibugyo,maize,2009_First,,medium,food_and_market,unknown,unknown,unknown,13.20754716981132,0.6174863387978142,,,
MAI_BUSHENYI_2008_S_0436,Bushenyi,maize,2008_Second,,medium,food_and_market,medium,unknown,medium,8.80503144654088,0.5549738219895288,3.2857142857142856,0.14285714285714285,0.25
MAI_BUSHENYI_2009_F_0437,Bushenyi,maize,2009_First,,medium,food_and_market,medium,unknown,medium,61.0062893081761,1.8462847419171864,3.2857142857142856,0.14285714285714285,0.25
MAI_HOIMA_2008_S_0438,Hoima,maize,2008_Second,,medium,food_and_market,medium,unknown,medium,84.27672955974843,4.553591160220995,3.45,0.075,0.225
MAI_HOIMA_2009_F_0439,Hoima,maize,2009_First,,medium,food_and_market,medium,unknown,medium,73.58490566037736,3.149618861903918,3.45,0.075,0.225
MAI_IBANDA_2008_S_0440,Ibanda,maize,2008_Second,,high,food_and_market,medium,unknown,medium,68.55345911949685,2.522802068641279,3.0869565217391304,0.11594202898550725,0.4057971014492754
MAI_IBANDA_2009_F_0441,Ibanda,maize,2009_First,,high,food_and_market,medium,unknown,medium,35.22012578616352,1.1392931392931394,3.0869565217391304,0.11594202898550725,0.4057971014492754
MAI_ISINGIRO_2008_S_0442,Isingiro,maize,2008_Second,,medium,food_and_market,medium,unknown,medium,37.735849056603776,1.194299808166621,3.0,0.11538461538461539,0.2692307692307692
MAI_ISINGIRO_2009_F_0443,Isingiro,maize,2009_First,,medium,food_and_market,medium,unknown,medium,23.89937106918239,0.8917486752460257,3.0,0.11538461538461539,0.2692307692307692
MAI_KABALE_2008_S_0444,Kabale,maize,2008_Second,,medium,food_and_market,medium,unknown,high,43.39622641509434,1.2870561282932418,2.8333333333333335,0.2222222222222222,0.5
MAI_KABALE_2009_F_0445,Kabale,maize,2009_First,,medium,food_and_market,medium,unknown,high,15.09433962264151,0.6438538205980067,2.8333333333333335,0.2222222222222222,0.5
MAI_KABAROLE_2008_S_0446,Kabarole,maize,2008_Second,,medium,food_and_market,medium,unknown,medium,95.59748427672956,8.19518566896809,3.65625,0.0625,0.28125
MAI_KABAROLE_2009_F_0447,Kabarole,maize,2009_First,,medium,food_and_market,medium,unknown,medium,94.9685534591195,8.195020746887966,3.65625,0.0625,0.28125
MAI_KAMWENGE_2008_S_0448,Kamwenge,maize,2008_Second,,medium,food_and_market,medium,unknown,low,53.459119496855344,1.4932028836251288,3.3333333333333335,0.0,0.0
MAI_KAMWENGE_2009_F_0449,Kamwenge,maize,2009_First,,medium,food_and_market,medium,unknown,low,22.641509433962263,0.8648487023083363,3.3333333333333335,0.0,0.0
MAI_KANUNGU_2008_S_0450,Kanungu,maize,2008_Second,,medium,food_and_market,medium,unknown,low,57.86163522012578,1.6730769230769231,2.8181818181818183,0.09090909090909091,0.0
MAI_KANUNGU_2009_F_0451,Kanungu,maize,2009_First,,medium,food_and_market,medium,unknown,low,44.0251572327044,1.2918586789554531,2.8181818181818183,0.09090909090909091,0.0
MAI_KASESE_2008_S_0452,Kasese,maize,2008_Second,,medium,food_and_market,medium,unknown,low,83.64779874213836,4.435159930572775,3.1,0.04,0.18
MAI_KASESE_2009_F_0453,Kasese,maize,2009_First,,medium,food_and_market,medium,unknown,low,42.76729559748428,1.285976355483082,3.1,0.04,0.18
MAI_KIBAALE_2008_S_0454,Kibaale,maize,2008_Second,,medium,food_and_market,medium,unknown,low,74.21383647798741,3.192900908514684,3.5,0.0,0.0
MAI_KIBAALE_2009_F_0455,Kibaale,maize,2009_First,,medium,food_and_market,medium,unknown,low,69.18238993710692,2.524995834027662,3.5,0.0,0.0
MAI_KIRUHURA_2008_S_0456,Kiruhura,maize,2008_Second,,medium,food_and_market,medium,unknown,low,94.33962264150944,8.11624441132638,2.857142857142857,0.14285714285714285,0.07142857142857142
MAI_KIRUHURA_2009_F_0457,Kiruhura,maize,2009_First,,medium,food_and_market,medium,unknown,low,89.30817610062893,5.577620967741935,2.857142857142857,0.14285714285714285,0.07142857142857142
MAI_KISORO_2008_S_0458,Kisoro,maize,2008_Second,,low,food_and_market,low,unknown,low,72.95597484276729,3.126577713667508,1.878787878787879,0.48484848484848486,0.0
MAI_KISORO_2009_F_0459,Kisoro,maize,2009_First,,low,food_and_market,low,unknown,low,47.16981132075472,1.3396946564885497,1.878787878787879,0.48484848484848486,0.0
MAI_KYENJOJO_2008_S_0460,Kyenjojo,maize,2008_Second,,medium,food_and_market,medium,unknown,low,76.72955974842768,3.40083248959388,3.3181818181818183,0.0,0.022727272727272728
MAI_KYENJOJO_2009_F_0461,Kyenjojo,maize,2009_First,,medium,food_and_market,medium,unknown,low,66.0377358490566,2.307403936269916,3.3181818181818183,0.0,0.022727272727272728
MAI_MASINDI_2008_S_0462,Masindi,maize,2008_Second,,medium,food_and_market,medium,unknown,low,30.18867924528302,1.0247912793029277,3.6470588235294117,0.0,0.17647058823529413
MAI_MASINDI_2009_F_0463,Masindi,maize,2009_First,,medium,food_and_market,medium,unknown,low,49.0566037735849,1.35985109051916,3.6470588235294117,0.0,0.17647058823529413
MAI_MBARARA_2008_S_0464,Mbarara,maize,2008_Second,,high,food_and_market,high,unknown,high,27.044025157232703,0.9693140794223828,3.767857142857143,0.017857142857142856,0.6071428571428571
MAI_MBARARA_2009_F_0465,Mbarara,maize,2009_First,,high,food_and_market,high,unknown,high,26.41509433962264,0.953900709219858,3.767857142857143,0.017857142857142856,0.6071428571428571
MAI_NTUNGAMO_2008_S_0466,Ntungamo,maize,2008_Second,,medium,food_and_market,medium,unknown,medium,74.84276729559748,3.2671714440237967,2.816666666666667,0.16666666666666666,0.3
MAI_NTUNGAMO_2009_F_0467,Ntungamo,maize,2009_First,,medium,food_and_market,medium,unknown,medium,93.71069182389935,7.994634987545507,2.816666666666667,0.16666666666666666,0.3
MAI_RUKUNGIR_2008_S_0468,Rukungiri,maize,2008_Second,,medium,food_and_market,medium,unknown,low,60.37735849056604,1.8409436834094368,2.3142857142857145,0.2571428571428571,0.0
MAI_RUKUNGIR_2009_F_0469,Rukungiri,maize,2009_First,,medium,food_and_market,medium,unknown,low,12.57861635220126,0.6158113730929264,2.3142857142857145,0.2571428571428571,0.0
RIC_KAYUNGA_2008_S_0470,Kayunga,rice,2008_Second,,medium,food_and_market,medium,unknown,medium,9.090909090909092,0.3971631205673759,3.3333333333333335,0.09090909090909091,0.3333333333333333
RIC_KAYUNGA_2009_F_0471,Kayunga,rice,2009_First,,medium,food_and_market,medium,unknown,medium,5.681818181818182,0.2475409836065573,3.3333333333333335,0.09090909090909091,0.3333333333333333
RIC_KIBOGA_2008_S_0472,Kiboga,rice,2008_Second,,medium,food_and_market,medium,unknown,low,87.5,4.4035087719298245,3.260869565217391,0.08695652173913043,0.13043478260869565
RIC_LUWERO_2008_S_0473,Luwero,rice,2008_Second,,high,food_and_market,high,unknown,medium,82.95454545454545,2.4295302013422817,4.076923076923077,0.0,0.46153846153846156
RIC_MPIGI_2008_S_0474,Mpigi,rice,2008_Second,,high,food_and_market,high,unknown,low,2.272727272727273,0.1034482758620689,4.0,0.03333333333333333,0.1
RIC_MUKONO_2008_S_0475,Mukono,rice,2008_Second,,medium,food_and_market,high,unknown,medium,30.681818181818183,0.7145790554414785,3.761904761904762,0.0,0.3333333333333333
RIC_MUKONO_2009_F_0476,Mukono,rice,2009_First,,medium,food_and_market,high,unknown,medium,37.5,0.8460207612456747,3.761904761904762,0.0,0.3333333333333333
RIC_NAKASEKE_2008_S_0477,Nakaseke,rice,2008_Second,,medium,food_and_market,medium,unknown,medium,57.95454545454546,1.16,3.4285714285714284,0.0,0.21428571428571427
RIC_WAKISO_2009_F_0478,Wakiso,rice,2009_First,,high,food_and_market,high,unknown,high,51.13636363636363,0.9955456570155902,4.313131313131313,0.0,0.8585858585858586
RIC_AMURIA_2008_S_0479,Amuria,rice,2008_Second,,medium,food_and_market,unknown,unknown,unknown,,,,,
RIC_AMURIA_2009_F_0480,Amuria,rice,2009_First,,medium,food_and_market,unknown,unknown,unknown,36.36363636363637,0.8401305057096248,,,
RIC_BUDAKA_2008_S_0481,Budaka,rice,2008_Second,,medium,food_and_market,unknown,unknown,unknown,6.8181818181818175,0.2926829268292683,,,
RIC_BUDAKA_2009_F_0482,Budaka,rice,2009_First,,medium,food_and_market,unknown,unknown,unknown,44.31818181818182,0.9002375296912114,,,
RIC_BUGIRI_2008_S_0483,Bugiri,rice,2008_Second,,medium,food_and_market,medium,unknown,low,45.45454545454545,0.9084444444444444,2.6551724137931036,0.1724137931034483,0.0
RIC_BUGIRI_2009_F_0484,Bugiri,rice,2009_First,,medium,food_and_market,medium,unknown,low,22.727272727272727,0.5942270330280321,2.6551724137931036,0.1724137931034483,0.0
RIC_BUKEDEA_2008_S_0485,Bukedea,rice,2008_Second,,medium,food_and_market,medium,unknown,low,13.636363636363637,0.4461538461538462,2.5217391304347827,0.17391304347826086,0.0
RIC_BUKEDEA_2009_F_0486,Bukedea,rice,2009_First,,medium,food_and_market,medium,unknown,low,46.590909090909086,0.9143730886850152,2.5217391304347827,0.17391304347826086,0.0
RIC_BUSIA_2008_S_0487,Busia,rice,2008_Second,,low,food_and_market,low,unknown,low,98.86363636363636,14.272079772079772,1.9090909090909092,0.18181818181818182,0.0
RIC_BUSIA_2009_F_0488,Busia,rice,2009_First,,low,food_and_market,low,unknown,low,67.04545454545455,1.5918367346938775,1.9090909090909092,0.18181818181818182,0.0
RIC_BUTALEJA_2008_S_0489,Butaleja,rice,2008_Second,,medium,food_and_market,low,unknown,low,77.27272727272727,1.9463869463869463,2.1052631578947367,0.3684210526315789,0.0
RIC_BUTALEJA_2009_F_0490,Butaleja,rice,2009_First,,medium,food_and_market,low,unknown,low,78.4090909090909,1.9523809523809523,2.1052631578947367,0.3684210526315789,0.0
RIC_IGANGA_2008_S_0491,Iganga,rice,2008_Second,,high,food_and_market,medium,unknown,high,94.31818181818184,8.11634349030471,3.4814814814814814,0.0,0.5925925925925926
RIC_IGANGA_2009_F_0492,Iganga,rice,2009_First,,high,food_and_market,medium,unknown,high,95.45454545454544,9.00106894708712,3.4814814814814814,0.0,0.5925925925925926
RIC_JINJA_2008_S_0493,Jinja,rice,2008_Second,,medium,food_and_market,medium,unknown,medium,4.545454545454546,0.216589861751152,3.1166666666666667,0.06666666666666667,0.25
RIC_JINJA_2009_F_0494,Jinja,rice,2009_First,,medium,food_and_market,medium,unknown,medium,17.045454545454543,0.5096153846153846,3.1166666666666667,0.06666666666666667,0.25
RIC_KABERAMA_2008_S_0495,Kaberamaido,rice,2008_Second,,medium,food_and_market,unknown,unknown,unknown,19.318181818181817,0.5294117647058824,,,
RIC_KABERAMA_2009_F_0496,Kaberamaido,rice,2009_First,,medium,food_and_market,unknown,unknown,unknown,,,,,
RIC_KALIRO_2008_S_0497,Kaliro,rice,2008_Second,,low,food_and_market,low,unknown,low,93.18181818181816,7.044554455445544,2.0,0.16666666666666666,0.0
RIC_KALIRO_2009_F_0498,Kaliro,rice,2009_First,,low,food_and_market,low,unknown,low,26.13636363636364,0.6172472387425658,2.0,0.16666666666666666,0.0
RIC_KAMULI_2008_S_0499,Kamuli,rice,2008_Second,,medium,food_and_market,medium,unknown,medium,52.27272727272727,1.0086393088552916,3.096774193548387,0.06451612903225806,0.3225806451612903
RIC_KAMULI_2009_F_0500,Kamuli,rice,2009_First,,medium,food_and_market,medium,unknown,medium,71.5909090909091,1.6944140197152244,3.096774193548387,0.06451612903225806,0.3225806451612903
RIC_KATAKWI_2008_S_0501,Katakwi,rice,2008_Second,,low,food_and_market,low,unknown,low,7.954545454545454,0.3768115942028985,1.8095238095238095,0.47619047619047616,0.047619047619047616
RIC_KATAKWI_2009_F_0502,Katakwi,rice,2009_First,,low,food_and_market,low,unknown,low,,,1.8095238095238095,0.47619047619047616,0.047619047619047616
RIC_KUMI_2008_S_0503,Kumi,rice,2008_Second,,medium,food_and_market,low,unknown,low,63.63636363636363,1.4166666666666667,2.0652173913043477,0.391304347826087,0.17391304347826086
RIC_KUMI_2009_F_0504,Kumi,rice,2009_First,,medium,food_and_market,low,unknown,low,35.22727272727273,0.8136200716845878,2.0652173913043477,0.391304347826087,0.17391304347826086
RIC_MAYUGE_2008_S_0505,Mayuge,rice,2008_Second,,medium,food_and_market,medium,unknown,low,31.818181818181817,0.7903357903357904,2.630434782608696,0.15217391304347827,0.15217391304347827
RIC_MAYUGE_2009_F_0506,Mayuge,rice,2009_First,,medium,food_and_market,medium,unknown,low,60.22727272727273,1.3464684014869888,2.630434782608696,0.15217391304347827,0.15217391304347827
RIC_MBALE_2008_S_0507,Mbale,rice,2008_Second,,high,food_and_market,high,unknown,high,42.04545454545455,0.8805120910384068,4.076923076923077,0.0,0.6153846153846154
RIC_MBALE_2009_F_0508,Mbale,rice,2009_First,,high,food_and_market,high,unknown,high,28.40909090909091,0.6824427480916031,4.076923076923077,0.0,0.6153846153846154
RIC_NAMUTUMB_2008_S_0509,Namutumba,rice,2008_Second,,low,food_and_market,low,unknown,low,68.18181818181817,1.6114942528735632,1.7272727272727273,0.45454545454545453,0.09090909090909091
RIC_NAMUTUMB_2009_F_0510,Namutumba,rice,2009_First,,low,food_and_market,low,unknown,low,69.31818181818183,1.6255259467040672,1.7272727272727273,0.45454545454545453,0.09090909090909091
RIC_PALLISA_2008_S_0511,Pallisa,rice,2008_Second,,medium,food_and_market,medium,unknown,low,89.77272727272727,5.328739152628892,2.7,0.2,0.0
RIC_PALLISA_2009_F_0512,Pallisa,rice,2009_First,,medium,food_and_market,medium,unknown,low,38.63636363636363,0.8531558608844998,2.7,0.2,0.0
RIC_SIRONKO_2008_S_0513,Sironko,rice,2008_Second,,medium,food_and_market,medium,unknown,low,3.4090909090909087,0.1388888888888889,3.1153846153846154,0.07692307692307693,0.19230769230769232
RIC_SOROTI_2008_S_0514,Soroti,rice,2008_Second,,medium,food_and_market,medium,unknown,low,100.0,20.0377524143986,2.3488372093023258,0.16279069767441862,0.023255813953488372
RIC_SOROTI_2009_F_0515,Soroti,rice,2009_First,,medium,food_and_market,medium,unknown,low,80.68181818181817,2.124145785876993,2.3488372093023258,0.16279069767441862,0.023255813953488372
RIC_TORORO_2008_S_0516,Tororo,rice,2008_Second,,medium,food_and_market,medium,unknown,low,96.5909090909091,11.507583417593528,2.8461538461538463,0.10256410256410256,0.1282051282051282
RIC_TORORO_2009_F_0517,Tororo,rice,2009_First,,medium,food_and_market,medium,unknown,low,92.04545454545456,6.116071428571429,2.8461538461538463,0.10256410256410256,0.1282051282051282
RIC_ADJUMANI_2008_S_0518,Adjumani,rice,2008_Second,,high,food_and_market,high,unknown,low,54.54545454545454,1.030054644808743,4.0,0.0,0.0
RIC_ADJUMANI_2009_F_0519,Adjumani,rice,2009_First,,high,food_and_market,high,unknown,low,56.81818181818182,1.136094674556213,4.0,0.0,0.0
RIC_AMURU_2008_S_0520,Amuru,rice,2008_Second,,medium,food_and_market,medium,unknown,low,88.63636363636364,4.736930294906166,2.5,0.0,0.0
RIC_AMURU_2009_F_0521,Amuru,rice,2009_First,,medium,food_and_market,medium,unknown,low,53.40909090909091,1.024853801169591,2.5,0.0,0.0
RIC_APAC_2008_S_0522,Apac,rice,2008_Second,,medium,food_and_market,medium,unknown,low,65.9090909090909,1.5609756097560976,3.0943396226415096,0.1509433962264151,0.11320754716981132
RIC_APAC_2009_F_0523,Apac,rice,2009_First,,medium,food_and_market,medium,unknown,low,39.77272727272727,0.8539823008849557,3.0943396226415096,0.1509433962264151,0.11320754716981132
RIC_ARUA_2008_S_0524,Arua,rice,2008_Second,,medium,food_and_market,medium,unknown,low,97.72727272727272,12.855,2.7604166666666665,0.1875,0.09375
RIC_ARUA_2009_F_0525,Arua,rice,2009_First,,medium,food_and_market,medium,unknown,low,55.68181818181818,1.064516129032258,2.7604166666666665,0.1875,0.09375
RIC_DOKOLO_2008_S_0526,Dokolo,rice,2008_Second,,medium,food_and_market,medium,unknown,medium,18.181818181818183,0.5276752767527675,2.259259259259259,0.2222222222222222,0.2222222222222222
RIC_DOKOLO_2009_F_0527,Dokolo,rice,2009_First,,medium,food_and_market,medium,unknown,medium,1.1363636363636365,0.0771604938271604,2.259259259259259,0.2222222222222222,0.2222222222222222
RIC_GULU_2008_S_0528,Gulu,rice,2008_Second,,high,food_and_market,medium,unknown,medium,40.909090909090914,0.8715083798882681,3.361111111111111,0.08333333333333333,0.4722222222222222
RIC_GULU_2009_F_0529,Gulu,rice,2009_First,,high,food_and_market,medium,unknown,medium,20.454545454545457,0.5685959271168275,3.361111111111111,0.08333333333333333,0.4722222222222222
RIC_KITGUM_2008_S_0530,Kitgum,rice,2008_Second,,high,food_and_market,medium,unknown,medium,50.0,0.9864864864864864,3.125,0.125,0.375
RIC_KITGUM_2009_F_0531,Kitgum,rice,2009_First,,high,food_and_market,medium,unknown,medium,21.59090909090909,0.5756880733944955,3.125,0.125,0.375
RIC_KOBOKO_2008_S_0532,Koboko,rice,2008_Second,,medium,food_and_market,medium,unknown,medium,64.77272727272727,1.4780876494023905,2.6842105263157894,0.15789473684210525,0.3157894736842105
RIC_KOBOKO_2009_F_0533,Koboko,rice,2009_First,,medium,food_and_market,medium,unknown,medium,25.0,0.6074766355140186,2.6842105263157894,0.15789473684210525,0.3157894736842105
RIC_LIRA_2008_S_0534,Lira,rice,2008_Second,,medium,food_and_market,medium,unknown,medium,75.0,1.7981626587408808,3.1923076923076925,0.07692307692307693,0.25
RIC_LIRA_2009_F_0535,Lira,rice,2009_First,,medium,food_and_market,medium,unknown,medium,14.772727272727272,0.4510326449033977,3.1923076923076925,0.07692307692307693,0.25
RIC_MOYO_2008_S_0536,Moyo,rice,2008_Second,,medium,food_and_market,medium,unknown,medium,23.863636363636363,0.6,2.9166666666666665,0.08333333333333333,0.3611111111111111
RIC_MOYO_2009_F_0537,Moyo,rice,2009_First,,medium,food_and_market,medium,unknown,medium,,,2.9166666666666665,0.08333333333333333,0.3611111111111111
RIC_NEBBI_2008_S_0538,Nebbi,rice,2008_Second,,medium,food_and_market,medium,unknown,low,32.95454545454545,0.8,2.413793103448276,0.1724137931034483,0.10344827586206896
RIC_NEBBI_2009_F_0539,Nebbi,rice,2009_First,,medium,food_and_market,medium,unknown,low,27.27272727272727,0.6643356643356644,2.413793103448276,0.1724137931034483,0.10344827586206896
RIC_NYADRI_2008_S_0540,Nyadri,rice,2008_Second,,medium,food_and_market,unknown,unknown,unknown,59.09090909090909,1.265536723163842,,,
RIC_NYADRI_2009_F_0541,Nyadri,rice,2009_First,,medium,food_and_market,unknown,unknown,unknown,34.090909090909086,0.8027613412228797,,,
RIC_OYAM_2008_S_0542,Oyam,rice,2008_Second,,medium,food_and_market,medium,unknown,low,73.86363636363636,1.7470588235294118,2.6666666666666665,0.031746031746031744,0.07936507936507936
RIC_OYAM_2009_F_0543,Oyam,rice,2009_First,,medium,food_and_market,medium,unknown,low,90.9090909090909,5.860520094562648,2.6666666666666665,0.031746031746031744,0.07936507936507936
RIC_PADER_2008_S_0544,Pader,rice,2008_Second,,medium,food_and_market,medium,unknown,low,81.81818181818183,2.3934599156118144,2.3846153846153846,0.38461538461538464,0.0
RIC_PADER_2009_F_0545,Pader,rice,2009_First,,medium,food_and_market,medium,unknown,low,12.5,0.4307017543859649,2.3846153846153846,0.38461538461538464,0.0
RIC_YUMBE_2008_S_0546,Yumbe,rice,2008_Second,,medium,food_and_market,medium,unknown,low,15.909090909090908,0.5,2.7222222222222223,0.2777777777777778,0.0
RIC_YUMBE_2009_F_0547,Yumbe,rice,2009_First,,medium,food_and_market,medium,unknown,low,47.72727272727273,0.9344262295081968,2.7222222222222223,0.2777777777777778,0.0
RIC_BUNDIBUG_2008_S_0548,Bundibugyo,rice,2008_Second,,medium,food_and_market,unknown,unknown,unknown,10.227272727272728,0.4,,,
RIC_BUNDIBUG_2009_F_0549,Bundibugyo,rice,2009_First,,medium,food_and_market,unknown,unknown,unknown,,,,,
RIC_HOIMA_2008_S_0550,Hoima,rice,2008_Second,,medium,food_and_market,medium,unknown,medium,76.13636363636364,1.8077689243027888,3.45,0.075,0.225
RIC_HOIMA_2009_F_0551,Hoima,rice,2009_First,,medium,food_and_market,medium,unknown,medium,79.54545454545455,2.043381535038932,3.45,0.075,0.225
RIC_IBANDA_2008_S_0552,Ibanda,rice,2008_Second,,high,food_and_market,medium,unknown,medium,84.0909090909091,3.3548387096774195,3.0869565217391304,0.11594202898550725,0.4057971014492754
RIC_KABAROLE_2008_S_0553,Kabarole,rice,2008_Second,,medium,food_and_market,medium,unknown,medium,85.22727272727273,3.783783783783784,3.65625,0.0625,0.28125
RIC_KAMWENGE_2008_S_0554,Kamwenge,rice,2008_Second,,medium,food_and_market,medium,unknown,low,29.545454545454547,0.7086614173228346,3.3333333333333335,0.0,0.0
RIC_KANUNGU_2008_S_0555,Kanungu,rice,2008_Second,,medium,food_and_market,medium,unknown,low,61.36363636363637,1.3670886075949369,2.8181818181818183,0.09090909090909091,0.0
RIC_KANUNGU_2009_F_0556,Kanungu,rice,2009_First,,medium,food_and_market,medium,unknown,low,70.45454545454545,1.688,2.8181818181818183,0.09090909090909091,0.0
RIC_KASESE_2008_S_0557,Kasese,rice,2008_Second,,medium,food_and_market,medium,unknown,low,,,3.1,0.04,0.18
RIC_KIBAALE_2008_S_0558,Kibaale,rice,2008_Second,,medium,food_and_market,medium,unknown,low,62.5,1.3765984654731458,3.5,0.0,0.0
RIC_KIBAALE_2009_F_0559,Kibaale,rice,2009_First,,medium,food_and_market,medium,unknown,low,86.36363636363636,3.8585858585858586,3.5,0.0,0.0
RIC_MASINDI_2008_S_0560,Masindi,rice,2008_Second,,medium,food_and_market,medium,unknown,low,72.72727272727273,1.7311827956989247,3.6470588235294117,0.0,0.17647058823529413
RIC_MASINDI_2009_F_0561,Masindi,rice,2009_First,,medium,food_and_market,medium,unknown,low,11.363636363636363,0.4146649810366624,3.6470588235294117,0.0,0.17647058823529413
RIC_RUKUNGIR_2008_S_0562,Rukungiri,rice,2008_Second,,medium,food_and_market,medium,unknown,low,43.18181818181818,0.8972691807542262,2.3142857142857145,0.2571428571428571,0.0
RIC_RUKUNGIR_2009_F_0563,Rukungiri,rice,2009_First,,medium,food_and_market,medium,unknown,low,48.86363636363637,0.9682539682539684,2.3142857142857145,0.2571428571428571,0.0
